zHD,EXP_FAC,MU_SH0ES,MU_SH0ES_ERR_DIAG,D_L,D_L MAX,D_L MIN,SD
0.00,1.00,29.00,1.52,6.31,12.68,3.14,4.77
0.00,1.00,29.06,1.52,6.47,13.02,3.22,4.90
0.00,1.00,30.72,0.78,13.95,20.00,9.73,5.14
0.00,1.00,30.74,0.80,14.09,20.36,9.75,5.30
0.00,1.00,30.78,0.88,14.29,21.45,9.53,5.96
0.00,1.00,30.79,0.61,14.42,19.13,10.86,4.14
0.00,1.00,30.46,0.59,12.36,16.26,9.40,3.43
0.00,1.00,30.55,0.58,12.90,16.85,9.87,3.49
0.00,1.00,30.40,0.58,12.03,15.70,9.22,3.24
0.00,1.00,30.51,0.58,12.65,16.51,9.69,3.41
0.00,1.00,31.50,0.59,19.96,26.21,15.21,5.50
0.00,1.00,31.79,0.55,22.84,29.46,17.71,5.88
0.00,1.00,31.50,0.55,19.92,25.61,15.50,5.06
0.00,1.00,31.70,0.55,21.85,28.16,16.95,5.60
0.00,1.00,31.00,0.57,15.85,20.57,12.21,4.18
0.00,1.00,31.39,0.48,19.00,23.66,15.25,4.20
0.00,1.00,31.38,0.48,18.86,23.52,15.13,4.20
0.00,1.00,31.50,0.51,19.94,25.27,15.74,4.77
0.00,1.00,31.56,0.53,20.52,26.21,16.07,5.07
0.00,1.00,31.93,0.44,24.33,29.83,19.85,4.99
0.00,1.00,32.03,0.42,25.50,30.95,21.01,4.97
0.00,1.00,31.25,0.56,17.76,22.97,13.73,4.62
0.00,1.00,31.13,0.45,16.85,20.70,13.72,3.49
0.00,1.00,31.65,0.56,21.40,27.76,16.50,5.63
0.00,1.00,31.22,0.41,17.57,21.22,14.54,3.34
0.00,1.00,31.34,0.56,18.54,24.02,14.30,4.86
0.00,1.00,31.76,0.57,22.53,29.35,17.29,6.03
0.00,1.00,31.45,0.45,19.47,23.94,15.84,4.05
0.00,1.00,31.54,0.41,20.31,24.50,16.84,3.83
0.01,0.99,31.65,0.51,21.39,27.11,16.88,5.11
0.01,0.99,31.73,0.50,22.16,27.92,17.59,5.16
0.01,0.99,31.91,0.47,24.12,29.94,19.43,5.26
0.01,0.99,31.90,0.48,23.97,29.95,19.19,5.38
0.01,0.99,31.68,0.38,21.68,25.77,18.23,3.77
0.01,0.99,31.63,0.39,21.18,25.29,17.73,3.78
0.01,0.99,31.74,0.49,22.29,27.95,17.77,5.09
0.01,0.99,32.18,0.34,27.32,31.94,23.36,4.29
0.01,0.99,32.47,0.49,31.17,39.00,24.91,7.05
0.01,0.99,31.94,0.34,24.44,28.64,20.86,3.89
0.01,0.99,32.07,0.34,25.90,30.34,22.11,4.12
0.01,0.99,31.91,0.35,24.10,28.32,20.51,3.90
0.01,0.99,30.91,0.52,15.19,19.35,11.93,3.71
0.01,0.99,31.19,0.45,17.26,21.26,14.02,3.62
0.01,0.99,32.07,0.33,25.90,30.10,22.29,3.90
0.01,0.99,32.00,0.36,25.15,29.70,21.29,4.21
0.01,0.99,32.10,0.32,26.30,30.52,22.67,3.92
0.01,0.99,32.03,0.34,25.51,29.82,21.82,4.00
0.01,0.99,32.08,0.53,26.01,33.26,20.34,6.46
0.01,0.99,32.08,0.54,26.11,33.44,20.39,6.53
0.01,0.99,32.02,0.54,25.35,32.49,19.79,6.35
0.01,0.99,32.83,0.56,36.87,47.78,28.45,9.66
0.01,0.99,32.40,0.48,30.20,37.72,24.18,6.77
0.01,0.99,32.46,0.32,31.06,35.96,26.82,4.57
0.01,0.99,32.43,0.32,30.67,35.58,26.44,4.57
0.01,0.99,31.73,0.53,22.20,28.36,17.39,5.49
0.01,0.99,31.22,0.42,17.55,21.30,14.46,3.42
0.01,0.99,32.36,0.36,29.64,34.97,25.12,4.93
0.01,0.99,31.97,0.42,24.81,30.04,20.49,4.78
0.01,0.99,32.20,0.34,27.48,32.15,23.49,4.33
0.01,0.99,32.17,0.37,27.20,32.27,22.93,4.67
0.01,0.99,32.20,0.35,27.60,32.40,23.52,4.44
0.01,0.99,32.44,0.44,30.77,37.67,25.13,6.27
0.01,0.99,32.32,0.33,29.10,33.80,25.05,4.38
0.01,0.99,32.33,0.35,29.28,34.37,24.94,4.72
0.01,0.99,32.32,0.32,29.14,33.80,25.11,4.35
0.01,0.99,32.44,0.30,30.79,35.36,26.82,4.27
0.01,0.99,32.46,0.30,31.11,35.72,27.09,4.31
0.01,0.99,32.79,0.29,36.21,41.37,31.70,4.84
0.01,0.99,32.74,0.29,35.36,40.50,30.87,4.81
0.01,0.99,32.77,0.29,35.78,40.94,31.28,4.83
0.01,0.99,32.33,0.37,29.26,34.75,24.63,5.06
0.01,0.99,32.30,0.40,28.84,34.62,24.02,5.30
0.01,0.99,32.64,0.36,33.76,39.89,28.56,5.66
0.01,0.99,32.72,0.32,34.94,40.43,30.19,5.12
0.01,0.99,32.62,0.32,33.34,38.59,28.81,4.89
0.01,0.99,32.71,0.37,34.82,41.24,29.40,5.92
0.01,0.99,32.37,0.37,29.80,35.37,25.11,5.13
0.01,0.99,32.74,0.28,35.37,40.24,31.09,4.58
0.01,0.99,32.67,0.29,34.21,39.04,29.97,4.53
0.01,0.99,32.45,0.49,30.84,38.66,24.60,7.03
0.01,0.99,32.48,0.34,31.39,36.76,26.81,4.97
0.01,0.99,33.21,0.46,43.93,54.37,35.50,9.43
0.01,0.99,32.52,0.47,31.93,39.57,25.77,6.90
0.01,0.99,32.69,0.48,34.55,43.19,27.64,7.78
0.01,0.99,32.69,0.36,34.56,40.78,29.29,5.74
0.01,0.99,32.85,0.32,37.19,43.05,32.12,5.47
0.01,0.99,32.75,0.27,35.53,40.18,31.41,4.39
0.01,0.99,32.72,0.38,35.03,41.80,29.36,6.22
0.01,0.99,32.37,0.34,29.85,34.88,25.54,4.67
0.01,0.99,32.39,0.33,30.12,35.09,25.86,4.61
0.01,0.99,32.34,0.34,29.31,34.24,25.09,4.58
0.01,0.99,32.42,0.43,30.48,37.07,25.06,6.01
0.01,0.99,32.86,0.33,37.35,43.42,32.13,5.65
0.01,0.99,32.80,0.37,36.29,43.01,30.62,6.19
0.01,0.99,32.75,0.41,35.48,42.84,29.38,6.73
0.01,0.99,32.89,0.29,37.87,43.21,33.19,5.01
0.01,0.99,32.90,0.28,37.97,43.25,33.33,4.96
0.01,0.99,32.92,0.29,38.30,43.68,33.58,5.05
0.01,0.99,32.34,0.40,29.31,35.26,24.37,5.45
0.01,0.99,33.04,0.27,40.55,45.90,35.82,5.04
0.01,0.99,33.21,0.25,43.92,49.37,39.08,5.14
0.01,0.99,33.23,0.25,44.28,49.72,39.43,5.15
0.01,0.99,33.25,0.25,44.60,50.16,39.66,5.25
0.01,0.99,32.90,0.31,38.04,43.86,32.98,5.44
0.01,0.99,32.87,0.33,37.42,43.65,32.08,5.79
0.01,0.99,32.80,0.36,36.36,42.87,30.83,6.02
0.01,0.99,32.92,0.37,38.31,45.48,32.27,6.61
0.01,0.99,33.48,0.37,49.55,58.84,41.73,8.55
0.01,0.99,32.65,0.41,33.82,40.83,28.01,6.41
0.01,0.99,32.75,0.36,35.41,41.80,30.00,5.90
0.01,0.99,32.90,0.33,38.05,44.37,32.62,5.88
0.01,0.99,32.78,0.35,35.96,42.23,30.63,5.80
0.01,0.99,32.92,0.37,38.34,45.36,32.40,6.48
0.01,0.99,32.97,0.34,39.22,45.90,33.50,6.20
0.01,0.99,33.34,0.31,46.51,53.56,40.39,6.58
0.01,0.99,33.23,0.30,44.16,50.68,38.48,6.10
0.01,0.99,33.28,0.25,45.26,50.74,40.38,5.18
0.01,0.99,33.12,0.32,42.14,48.77,36.41,6.18
0.01,0.99,33.09,0.34,41.44,48.55,35.37,6.59
0.01,0.99,33.38,0.31,47.44,54.69,41.15,6.77
0.01,0.99,33.29,0.27,45.56,51.71,40.15,5.78
0.01,0.99,33.11,0.36,41.84,49.49,35.37,7.06
0.01,0.99,33.07,0.32,41.08,47.69,35.39,6.15
0.01,0.99,33.18,0.38,43.27,51.50,36.36,7.57
0.01,0.99,33.57,0.31,51.78,59.86,44.79,7.53
0.01,0.99,33.73,0.34,55.81,65.35,47.67,8.84
0.01,0.99,33.64,0.30,53.38,61.15,46.59,7.28
0.01,0.99,33.83,0.35,58.47,68.82,49.68,9.57
0.01,0.99,33.43,0.28,48.61,55.39,42.66,6.36
0.01,0.99,33.49,0.33,50.00,58.07,43.04,7.51
0.01,0.99,33.58,0.28,52.08,59.28,45.75,6.76
0.01,0.99,33.50,0.30,50.06,57.51,43.57,6.97
0.01,0.99,33.88,0.35,59.66,69.97,50.86,9.56
0.01,0.99,33.70,0.27,55.01,62.20,48.65,6.77
0.01,0.99,33.74,0.25,55.98,62.93,49.80,6.57
0.01,0.99,33.83,0.27,58.31,65.88,51.61,7.14
0.01,0.99,33.71,0.24,55.16,61.62,49.37,6.13
0.01,0.99,33.72,0.25,55.58,62.36,49.53,6.42
0.01,0.99,33.59,0.26,52.18,58.82,46.29,6.26
0.01,0.99,33.52,0.27,50.53,57.12,44.70,6.21
0.01,0.99,33.75,0.42,56.21,68.10,46.40,10.85
0.01,0.99,33.64,0.29,53.37,60.92,46.75,7.08
0.01,0.99,33.50,0.33,50.18,58.45,43.09,7.68
0.01,0.99,33.74,0.24,55.86,62.38,50.02,6.18
0.01,0.99,33.76,0.29,56.51,64.50,49.51,7.50
0.01,0.99,33.58,0.29,51.88,59.37,45.34,7.01
0.01,0.99,33.57,0.28,51.70,58.94,45.34,6.80
0.01,0.99,33.52,0.27,50.58,57.37,44.60,6.39
0.01,0.99,33.47,0.26,49.47,55.80,43.86,5.97
0.01,0.99,33.97,0.30,62.18,71.51,54.06,8.72
0.01,0.99,33.98,0.30,62.65,71.91,54.58,8.67
0.01,0.99,33.92,0.30,60.95,70.12,52.97,8.58
0.01,0.99,33.80,0.28,57.46,65.31,50.56,7.37
0.01,0.99,33.77,0.23,56.71,63.13,50.95,6.09
0.01,0.99,33.77,0.24,56.81,63.32,50.96,6.18
0.01,0.99,33.76,0.29,56.62,64.68,49.57,7.55
0.01,0.99,33.67,0.35,54.30,63.66,46.32,8.67
0.01,0.99,33.70,0.23,54.87,61.10,49.28,5.91
0.01,0.99,33.81,0.29,57.68,65.89,50.50,7.69
0.01,0.99,33.67,0.30,54.08,61.98,47.18,7.40
0.01,0.99,33.82,0.25,58.09,65.21,51.75,6.73
0.01,0.99,33.84,0.27,58.73,66.37,51.97,7.20
0.01,0.99,34.02,0.31,63.64,73.31,55.25,9.03
0.01,0.99,34.02,0.35,63.82,75.07,54.26,10.40
0.01,0.99,34.34,0.37,73.67,87.39,62.11,12.64
0.01,0.99,34.18,0.40,68.49,82.22,57.05,12.59
0.01,0.99,34.25,0.40,70.86,85.08,59.01,13.04
0.01,0.99,33.91,0.24,60.47,67.56,54.13,6.71
0.01,0.99,34.17,0.37,68.32,80.83,57.75,11.54
0.01,0.99,33.75,0.22,56.30,62.20,50.96,5.62
0.01,0.99,33.88,0.25,59.78,67.05,53.29,6.88
0.01,0.99,33.93,0.24,60.96,68.21,54.48,6.86
0.01,0.99,33.76,0.39,56.37,67.48,47.09,10.19
0.01,0.99,33.72,0.39,55.43,66.43,46.26,10.08
0.01,0.99,33.89,0.24,60.02,67.06,53.73,6.67
0.01,0.99,33.79,0.40,57.26,68.76,47.69,10.54
0.01,0.99,34.01,0.27,63.41,71.82,55.99,7.91
0.01,0.99,34.19,0.37,68.87,81.77,58.01,11.88
0.01,0.99,33.85,0.28,58.95,66.99,51.88,7.56
0.01,0.99,33.97,0.23,62.34,69.30,56.09,6.60
0.01,0.99,33.93,0.23,60.98,67.85,54.81,6.52
0.02,0.99,33.89,0.29,59.92,68.63,52.30,8.16
0.02,0.99,34.18,0.27,68.53,77.48,60.60,8.44
0.02,0.98,33.77,0.30,56.77,65.25,49.39,7.93
0.02,0.98,34.03,0.34,64.07,75.08,54.68,10.20
0.02,0.98,34.34,0.37,73.88,87.72,62.22,12.75
0.02,0.98,34.07,0.31,65.30,75.48,56.48,9.50
0.02,0.98,34.03,0.23,64.06,71.11,57.72,6.69
0.02,0.98,34.27,0.34,71.56,83.70,61.17,11.26
0.02,0.98,34.26,0.27,71.06,80.56,62.68,8.94
0.02,0.98,34.21,0.26,69.54,78.32,61.75,8.28
0.02,0.98,34.00,0.29,63.08,71.97,55.29,8.34
0.02,0.98,33.89,0.31,59.85,69.16,51.79,8.68
0.02,0.98,33.79,0.29,57.28,65.49,50.11,7.69
0.02,0.98,33.81,0.29,57.74,66.00,50.51,7.74
0.02,0.98,34.17,0.26,68.33,77.18,60.50,8.34
0.02,0.98,34.13,0.33,66.99,78.15,57.44,10.35
0.02,0.98,34.33,0.28,73.51,83.58,64.65,9.46
0.02,0.98,34.17,0.29,68.10,77.72,59.67,9.02
0.02,0.98,34.00,0.22,63.06,69.78,56.98,6.40
0.02,0.98,34.07,0.29,65.15,74.48,57.00,8.74
0.02,0.98,33.99,0.24,62.88,70.21,56.32,6.94
0.02,0.98,33.90,0.22,60.27,66.66,54.49,6.09
0.02,0.98,34.39,0.27,75.56,85.58,66.72,9.43
0.02,0.98,34.03,0.22,63.94,70.91,57.65,6.63
0.02,0.98,34.17,0.24,68.12,76.18,60.91,7.64
0.02,0.98,34.13,0.21,67.06,73.85,60.89,6.48
0.02,0.98,34.03,0.27,64.06,72.62,56.50,8.06
0.02,0.98,34.11,0.28,66.26,75.43,58.20,8.62
0.02,0.98,34.41,0.35,76.34,89.54,65.08,12.23
0.02,0.98,34.00,0.33,63.09,73.61,54.08,9.76
0.02,0.98,34.16,0.22,67.95,75.12,61.45,6.84
0.02,0.98,33.97,0.42,62.30,75.44,51.46,11.99
0.02,0.98,34.28,0.26,71.76,80.95,63.60,8.68
0.02,0.98,34.34,0.20,73.82,80.87,67.38,6.74
0.02,0.98,33.90,0.25,60.21,67.42,53.78,6.82
0.02,0.98,34.17,0.25,68.17,76.36,60.85,7.75
0.02,0.98,34.46,0.36,78.16,92.18,66.27,12.96
0.02,0.98,34.53,0.34,80.69,94.44,68.94,12.75
0.02,0.98,33.97,0.28,62.15,70.85,54.52,8.16
0.02,0.98,33.84,0.29,58.64,67.00,51.33,7.84
0.02,0.98,33.90,0.26,60.19,67.98,53.28,7.35
0.02,0.98,34.49,0.31,79.05,91.19,68.52,11.33
0.02,0.98,34.34,0.23,73.82,82.01,66.45,7.78
0.02,0.98,34.08,0.30,65.33,74.93,56.96,8.99
0.02,0.98,34.20,0.21,69.10,76.27,62.60,6.84
0.02,0.98,34.02,0.31,63.74,73.49,55.28,9.10
0.02,0.98,34.20,0.33,69.19,80.38,59.57,10.41
0.02,0.98,34.61,0.22,83.50,92.39,75.46,8.47
0.02,0.98,34.14,0.28,67.41,76.78,59.18,8.80
0.02,0.98,34.15,0.26,67.66,76.17,60.11,8.03
0.02,0.98,34.40,0.22,75.89,84.05,68.52,7.76
0.02,0.98,34.51,0.23,79.80,88.77,71.74,8.51
0.02,0.98,34.36,0.22,74.51,82.46,67.32,7.57
0.02,0.98,34.31,0.26,72.78,82.17,64.46,8.85
0.02,0.98,34.27,0.26,71.35,80.51,63.23,8.64
0.02,0.98,33.78,0.33,57.01,66.39,48.96,8.71
0.02,0.98,34.32,0.20,73.21,80.28,66.76,6.76
0.02,0.98,34.31,0.20,72.89,79.84,66.54,6.65
0.02,0.98,34.15,0.23,67.50,75.09,60.68,7.21
0.02,0.98,34.22,0.32,69.89,81.00,60.30,10.35
0.02,0.98,34.34,0.21,73.67,81.15,66.87,7.14
0.02,0.98,34.25,0.21,70.68,77.98,64.06,6.96
0.02,0.98,34.29,0.25,72.24,80.93,64.49,8.22
0.02,0.98,34.24,0.22,70.53,78.15,63.65,7.25
0.02,0.98,34.30,0.32,72.36,83.81,62.48,10.67
0.02,0.98,34.27,0.23,71.32,79.44,64.03,7.71
0.02,0.98,34.61,0.20,83.48,91.59,76.08,7.76
0.02,0.98,34.98,0.22,99.05,109.53,89.57,9.98
0.02,0.98,34.20,0.28,69.20,78.74,60.81,8.97
0.02,0.98,34.44,0.23,77.24,85.75,69.58,8.09
0.02,0.98,34.49,0.26,79.14,89.02,70.36,9.33
0.02,0.98,34.58,0.30,82.26,94.29,71.77,11.26
0.02,0.98,34.62,0.24,83.83,93.59,75.10,9.25
0.02,0.98,34.57,0.24,82.10,91.69,73.51,9.09
0.02,0.98,34.61,0.28,83.43,94.80,73.42,10.69
0.02,0.98,34.55,0.22,81.16,89.62,73.49,8.07
0.02,0.98,34.49,0.32,78.94,91.52,68.10,11.71
0.02,0.98,34.43,0.28,76.86,87.50,67.52,9.99
0.02,0.98,34.77,0.20,90.14,98.63,82.39,8.12
0.02,0.98,34.81,0.20,91.56,100.19,83.67,8.26
0.02,0.98,34.76,0.47,89.41,110.85,72.12,19.36
0.02,0.98,34.74,0.43,88.69,108.29,72.64,17.82
0.02,0.98,34.69,0.41,86.56,104.36,71.79,16.29
0.02,0.98,34.36,0.30,74.64,85.53,65.14,10.20
0.02,0.98,34.69,0.20,86.51,95.05,78.75,8.15
0.02,0.98,34.51,0.20,79.88,87.56,72.87,7.35
0.02,0.98,34.51,0.23,79.70,88.76,71.56,8.60
0.02,0.98,34.70,0.19,87.18,95.26,79.78,7.74
0.02,0.98,34.60,0.19,83.16,90.69,76.25,7.22
0.02,0.98,34.50,0.30,79.48,91.07,69.36,10.85
0.02,0.98,34.58,0.19,82.26,89.78,75.37,7.20
0.02,0.98,34.65,0.19,85.04,92.73,78.00,7.37
0.02,0.98,35.00,0.19,99.94,108.97,91.67,8.65
0.02,0.98,34.82,0.24,91.90,102.72,82.21,10.26
0.02,0.98,34.57,0.38,82.22,97.76,69.15,14.30
0.02,0.98,34.57,0.19,82.07,89.48,75.27,7.10
0.02,0.98,34.57,0.18,81.87,88.85,75.44,6.71
0.02,0.98,34.49,0.19,79.18,86.45,72.52,6.96
0.02,0.98,34.66,0.21,85.32,94.18,77.29,8.45
0.02,0.98,35.13,0.38,105.99,126.01,89.15,18.43
0.02,0.98,34.56,0.33,81.51,95.06,69.89,12.58
0.02,0.98,34.42,0.22,76.45,84.49,69.17,7.66
0.02,0.98,34.56,0.25,81.84,91.80,72.95,9.42
0.02,0.98,34.49,0.33,78.93,91.91,67.79,12.06
0.02,0.98,34.67,0.23,86.06,95.71,77.38,9.17
0.02,0.98,34.63,0.25,84.52,95.03,75.18,9.93
0.02,0.98,34.81,0.30,91.70,105.29,79.86,12.72
0.02,0.98,34.70,0.22,86.92,96.03,78.67,8.68
0.02,0.98,34.67,0.23,85.87,95.50,77.22,9.14
0.02,0.98,34.38,0.20,74.99,82.34,68.29,7.02
0.02,0.98,34.82,0.20,92.02,100.73,84.06,8.34
0.02,0.98,35.12,0.31,105.58,121.83,91.51,15.16
0.02,0.98,35.21,0.30,109.93,126.46,95.57,15.45
0.02,0.98,34.76,0.18,89.38,97.13,82.24,7.44
0.02,0.98,34.73,0.18,88.49,96.01,81.55,7.23
0.02,0.98,34.74,0.19,88.79,96.81,81.44,7.69
0.02,0.98,34.76,0.34,89.65,104.84,76.66,14.09
0.02,0.98,34.35,0.20,74.02,81.13,67.54,6.79
0.02,0.98,34.59,0.20,82.79,90.74,75.53,7.60
0.02,0.98,34.61,0.39,83.61,100.22,69.76,15.23
0.02,0.98,34.77,0.20,89.99,98.48,82.23,8.13
0.02,0.98,34.76,0.28,89.47,101.94,78.52,11.71
0.02,0.98,34.77,0.25,90.12,101.29,80.19,10.55
0.02,0.98,34.86,0.25,93.71,104.97,83.65,10.66
0.02,0.98,34.97,0.22,98.42,108.76,89.06,9.85
0.02,0.98,34.67,0.25,86.06,96.46,76.78,9.84
0.02,0.98,34.75,0.20,89.03,97.58,81.23,8.17
0.02,0.98,34.88,0.19,94.83,103.31,87.04,8.13
0.02,0.98,35.05,0.29,102.24,116.77,89.51,13.63
0.02,0.98,35.01,0.22,100.63,111.16,91.09,10.03
0.02,0.98,34.81,0.18,91.45,99.36,84.17,7.60
0.02,0.98,34.82,0.26,92.19,103.83,81.86,10.98
0.02,0.98,34.92,0.17,96.58,104.44,89.32,7.56
0.02,0.98,34.77,0.20,90.06,98.71,82.17,8.27
0.02,0.98,34.87,0.20,94.21,103.51,85.74,8.88
0.02,0.98,34.78,0.22,90.42,100.28,81.54,9.37
0.02,0.98,34.77,0.30,90.01,103.47,78.30,12.59
0.02,0.98,34.86,0.24,93.77,104.88,83.84,10.52
0.02,0.98,34.76,0.29,89.50,102.22,78.35,11.93
0.02,0.98,34.80,0.26,91.19,102.56,81.07,10.74
0.02,0.98,35.04,0.21,101.82,112.39,92.24,10.08
0.02,0.98,34.73,0.24,88.33,98.80,78.98,9.91
0.02,0.98,34.84,0.22,93.06,103.01,84.07,9.47
0.02,0.98,34.87,0.20,94.16,103.40,85.74,8.83
0.02,0.98,34.68,0.36,86.49,102.01,73.34,14.34
0.02,0.98,35.27,0.30,113.16,130.22,98.34,15.94
0.02,0.98,34.86,0.20,93.69,102.79,85.39,8.70
0.02,0.98,35.00,0.27,99.96,113.06,88.38,12.34
0.02,0.98,34.97,0.24,98.68,110.08,88.47,10.80
0.02,0.98,34.99,0.19,99.31,108.43,90.96,8.73
0.02,0.98,34.77,0.34,89.81,105.05,76.78,14.13
0.02,0.98,35.02,0.27,101.04,114.48,89.18,12.65
0.02,0.98,34.88,0.27,94.75,107.55,83.48,12.03
0.02,0.98,34.92,0.18,96.24,104.49,88.65,7.92
0.02,0.98,35.05,0.23,102.50,113.94,92.21,10.86
0.02,0.98,34.65,0.27,85.03,96.15,75.19,10.48
0.02,0.98,34.43,0.28,76.92,87.48,67.63,9.92
0.02,0.98,34.99,0.28,99.32,113.12,87.20,12.96
0.02,0.98,35.01,0.22,100.37,111.16,90.63,10.27
0.02,0.98,34.98,0.23,99.01,109.83,89.24,10.30
0.02,0.98,34.86,0.26,93.68,105.61,83.10,11.26
0.02,0.98,34.86,0.17,93.68,101.34,86.60,7.37
0.02,0.98,34.83,0.26,92.60,104.56,82.01,11.28
0.02,0.98,34.84,0.22,92.86,102.56,84.07,9.25
0.02,0.98,35.00,0.22,99.99,110.54,90.45,10.04
0.02,0.98,35.04,0.21,101.89,112.06,92.64,9.71
0.02,0.98,34.95,0.26,97.76,110.16,86.77,11.69
0.02,0.98,34.57,0.26,82.09,92.61,72.77,9.92
0.02,0.98,34.95,0.27,97.92,111.09,86.31,12.39
0.02,0.98,34.94,0.21,97.41,107.29,88.44,9.43
0.02,0.98,34.99,0.18,99.77,108.43,91.80,8.32
0.02,0.98,34.89,0.40,95.02,114.43,78.90,17.77
0.02,0.98,34.99,0.28,99.72,113.31,87.77,12.77
0.02,0.98,34.90,0.19,95.47,104.21,87.46,8.38
0.02,0.98,35.10,0.20,104.80,114.65,95.80,9.42
0.02,0.98,35.10,0.31,104.95,121.07,90.97,15.05
0.02,0.98,34.47,0.40,78.38,94.17,65.24,14.46
0.02,0.98,34.88,0.22,94.55,104.82,85.28,9.77
0.02,0.98,34.94,0.21,97.37,107.17,88.46,9.35
0.02,0.98,35.08,0.18,103.94,113.11,95.52,8.80
0.02,0.98,35.18,0.23,108.66,120.92,97.64,11.64
0.02,0.98,35.08,0.20,103.61,113.37,94.70,9.34
0.02,0.98,34.99,0.18,99.41,108.21,91.33,8.44
0.02,0.98,34.95,0.20,97.86,107.20,89.33,8.94
0.02,0.98,35.23,0.24,111.26,123.99,99.84,12.07
0.02,0.98,35.01,0.20,100.47,110.26,91.55,9.36
0.02,0.98,35.01,0.16,100.37,108.14,93.15,7.50
0.02,0.98,35.07,0.21,103.50,114.00,93.96,10.02
0.02,0.98,34.95,0.17,97.69,105.69,90.30,7.70
0.02,0.98,35.18,0.19,108.56,118.44,99.51,9.47
0.02,0.98,35.11,0.24,105.01,117.04,94.21,11.41
0.02,0.98,35.05,0.23,102.43,113.94,92.08,10.93
0.02,0.98,34.89,0.23,95.05,105.87,85.34,10.26
0.02,0.98,34.95,0.21,97.85,107.97,88.67,9.65
0.02,0.98,34.81,0.18,91.50,99.52,84.12,7.70
0.02,0.98,34.81,0.32,91.67,106.11,79.20,13.46
0.02,0.98,35.09,0.24,104.05,116.24,93.14,11.55
0.02,0.98,35.20,0.23,109.51,121.66,98.57,11.54
0.03,0.98,35.22,0.27,110.42,124.95,97.57,13.69
0.03,0.98,34.84,0.29,92.76,105.92,81.24,12.34
0.03,0.98,34.85,0.18,93.25,101.40,85.75,7.82
0.03,0.98,35.08,0.21,103.71,114.02,94.32,9.85
0.03,0.98,35.01,0.18,100.42,108.94,92.56,8.19
0.03,0.98,35.03,0.19,101.28,110.55,92.79,8.88
0.03,0.98,34.46,0.33,77.92,90.85,66.84,12.01
0.03,0.98,34.91,0.31,96.02,110.57,83.38,13.60
0.03,0.98,35.20,0.24,109.59,122.30,98.20,12.05
0.03,0.98,35.23,0.20,111.06,122.02,101.08,10.47
0.03,0.98,35.11,0.16,105.39,113.20,98.11,7.54
0.03,0.98,35.11,0.17,105.41,114.25,97.26,8.50
0.03,0.98,34.98,0.19,99.28,108.12,91.16,8.48
0.03,0.98,34.94,0.24,97.46,108.88,87.23,10.83
0.03,0.98,34.91,0.27,95.78,108.41,84.61,11.90
0.03,0.98,35.19,0.18,109.05,118.30,100.53,8.88
0.03,0.98,35.20,0.19,109.52,119.31,100.53,9.39
0.03,0.98,35.18,0.23,108.78,121.14,97.68,11.73
0.03,0.98,35.06,0.19,102.90,112.32,94.27,9.02
0.03,0.97,34.77,0.34,89.80,105.25,76.62,14.31
0.03,0.97,35.12,0.20,105.59,115.79,96.29,9.75
0.03,0.97,35.40,0.20,120.30,131.94,109.69,11.12
0.03,0.97,35.29,0.18,114.45,124.32,105.37,9.47
0.03,0.97,35.11,0.20,105.10,115.15,95.93,9.61
0.03,0.97,34.84,0.35,92.68,108.81,78.95,14.93
0.03,0.97,35.31,0.18,115.40,125.30,106.29,9.51
0.03,0.97,35.29,0.29,114.05,130.28,99.84,15.22
0.03,0.97,35.34,0.32,117.11,135.90,100.91,17.50
0.03,0.97,35.02,0.37,101.03,119.93,85.11,17.41
0.03,0.97,35.31,0.18,115.24,125.17,106.09,9.54
0.03,0.97,35.27,0.18,113.18,123.15,104.01,9.57
0.03,0.97,35.29,0.21,114.25,125.61,103.91,10.85
0.03,0.97,35.12,0.18,105.60,114.80,97.14,8.83
0.03,0.97,35.25,0.19,112.27,122.35,103.02,9.67
0.03,0.97,35.32,0.22,116.01,128.14,105.02,11.56
0.03,0.97,35.29,0.30,114.25,131.11,99.55,15.78
0.03,0.97,35.27,0.17,113.10,122.44,104.47,8.99
0.03,0.97,35.34,0.23,117.15,130.29,105.34,12.47
0.03,0.97,35.11,0.35,105.28,123.50,89.75,16.88
0.03,0.97,35.23,0.26,111.02,125.24,98.42,13.41
0.03,0.97,35.31,0.22,115.50,127.83,104.37,11.73
0.03,0.97,35.30,0.35,115.04,135.34,97.78,18.78
0.03,0.97,35.52,0.23,127.27,141.18,114.72,13.23
0.03,0.97,35.11,0.17,105.34,114.06,97.29,8.39
0.03,0.97,35.15,0.19,107.34,116.99,98.49,9.25
0.03,0.97,35.11,0.17,105.28,113.87,97.34,8.26
0.03,0.97,35.35,0.29,117.31,134.06,102.65,15.71
0.03,0.97,35.73,0.32,139.69,161.99,120.45,20.77
0.03,0.97,35.13,0.18,106.20,115.63,97.54,9.05
0.03,0.97,35.67,0.22,136.39,150.68,123.46,13.61
0.03,0.97,35.36,0.19,118.10,128.94,108.18,10.38
0.03,0.97,35.32,0.17,115.74,125.36,106.86,9.25
0.03,0.97,35.29,0.29,114.15,130.64,99.75,15.45
0.03,0.97,35.51,0.16,126.25,136.09,117.11,9.49
0.03,0.97,35.56,0.16,129.20,139.09,120.01,9.54
0.03,0.97,35.56,0.16,129.30,139.25,120.06,9.59
0.03,0.97,35.27,0.18,113.06,122.69,104.18,9.25
0.03,0.97,35.37,0.16,118.69,127.78,110.24,8.77
0.03,0.97,35.34,0.16,117.06,125.81,108.92,8.45
0.03,0.97,35.10,0.18,104.95,114.11,96.52,8.79
0.03,0.97,35.44,0.18,122.28,132.87,112.54,10.17
0.03,0.97,35.29,0.18,114.36,124.14,105.34,9.40
0.03,0.97,35.36,0.18,117.98,128.19,108.58,9.80
0.03,0.97,35.20,0.37,109.46,129.59,92.46,18.57
0.03,0.97,35.60,0.24,131.80,146.87,118.28,14.29
0.03,0.97,35.66,0.25,135.49,152.12,120.68,15.72
0.03,0.97,35.34,0.21,117.21,129.20,106.34,11.43
0.03,0.97,35.41,0.20,120.81,132.58,110.08,11.25
0.03,0.97,34.95,0.23,97.67,108.47,87.94,10.26
0.03,0.97,35.28,0.66,113.57,153.56,83.99,34.79
0.03,0.97,35.48,0.28,124.62,141.47,109.78,15.85
0.03,0.97,35.06,0.22,102.60,113.47,92.77,10.35
0.03,0.97,35.52,0.25,126.78,142.30,112.95,14.68
0.03,0.97,35.69,0.18,137.71,149.84,126.56,11.64
0.03,0.97,35.24,0.19,111.64,121.61,102.48,9.57
0.03,0.97,35.60,0.17,131.97,142.72,122.03,10.34
0.03,0.97,35.62,0.30,133.18,152.91,116.00,18.46
0.03,0.97,35.47,0.23,124.28,137.90,112.01,12.94
0.03,0.97,35.28,0.18,113.56,123.42,104.48,9.47
0.03,0.97,35.09,0.27,104.42,118.39,92.10,13.15
0.03,0.97,35.61,0.22,132.31,146.70,119.33,13.69
0.03,0.97,35.36,0.28,118.24,134.74,103.76,15.49
0.03,0.97,35.47,0.18,123.90,134.48,114.16,10.16
0.03,0.97,35.51,0.19,126.26,137.87,115.64,11.11
0.03,0.97,35.28,0.19,113.66,124.29,103.94,10.17
0.03,0.97,35.50,0.19,125.98,137.52,115.41,11.06
0.03,0.97,35.51,0.19,126.57,138.19,115.92,11.13
0.03,0.97,35.44,0.19,122.20,133.09,112.21,10.44
0.03,0.97,35.86,0.19,148.66,162.44,136.05,13.20
0.03,0.97,35.52,0.20,127.03,139.03,116.06,11.49
0.03,0.97,35.48,0.20,124.96,136.97,114.00,11.48
0.03,0.97,35.48,0.23,124.51,138.65,111.82,13.41
0.03,0.97,35.52,0.17,126.97,137.06,117.62,9.72
0.03,0.97,35.55,0.22,129.07,142.59,116.84,12.88
0.03,0.97,35.48,0.17,124.76,135.15,115.16,10.00
0.03,0.97,35.53,0.26,127.91,144.06,113.57,15.25
0.03,0.97,35.36,0.16,117.96,127.24,109.35,8.95
0.03,0.97,35.35,0.34,117.61,137.74,100.42,18.66
0.03,0.97,35.61,0.21,132.34,145.95,119.99,12.98
0.03,0.97,35.46,0.28,123.87,140.83,108.95,15.94
0.03,0.97,35.42,0.18,121.14,131.90,111.25,10.32
0.03,0.97,35.49,0.17,125.46,135.46,116.20,9.63
0.03,0.97,35.65,0.21,134.78,148.24,122.54,12.85
0.03,0.97,35.92,0.40,152.93,183.80,127.24,28.28
0.03,0.97,35.41,0.33,120.56,140.48,103.46,18.51
0.03,0.97,35.34,0.38,116.81,138.85,98.27,20.29
0.03,0.97,35.57,0.18,129.72,141.17,119.19,10.99
0.03,0.97,35.67,0.24,136.14,151.83,122.08,14.88
0.03,0.97,35.54,0.18,128.29,139.69,117.82,10.94
0.03,0.97,35.59,0.17,131.08,141.70,121.26,10.22
0.03,0.97,35.53,0.28,127.67,145.48,112.04,16.72
0.03,0.97,35.67,0.17,135.99,147.37,125.49,10.94
0.03,0.97,35.50,0.18,125.64,136.25,115.86,10.19
0.03,0.97,35.58,0.15,130.57,139.83,121.93,8.95
0.03,0.97,35.48,0.15,124.97,134.15,116.43,8.86
0.03,0.97,35.77,0.22,142.69,158.21,128.69,14.76
0.03,0.97,35.74,0.23,140.79,156.28,126.83,14.73
0.03,0.97,35.79,0.22,143.66,158.73,130.02,14.36
0.03,0.97,35.62,0.32,133.24,154.45,114.93,19.76
0.03,0.97,35.65,0.20,134.65,147.39,123.02,12.18
0.03,0.97,35.56,0.19,129.43,140.98,118.83,11.07
0.03,0.97,35.91,0.27,152.19,172.65,134.15,19.25
0.03,0.97,35.70,0.16,138.15,149.00,128.08,10.46
0.03,0.97,35.71,0.22,138.48,153.29,125.11,14.09
0.03,0.97,35.65,0.19,134.73,147.34,123.21,12.07
0.03,0.97,35.68,0.19,137.07,149.47,125.70,11.89
0.03,0.97,35.73,0.18,139.82,151.77,128.82,11.48
0.03,0.97,35.46,0.28,123.55,140.30,108.80,15.75
0.03,0.97,35.49,0.15,125.29,134.17,117.00,8.59
0.03,0.97,35.67,0.20,136.43,149.74,124.31,12.72
0.03,0.97,35.58,0.20,130.38,142.75,119.08,11.83
0.03,0.97,35.86,0.26,148.33,167.11,131.67,17.72
0.03,0.97,35.86,0.29,148.44,170.01,129.60,20.20
0.03,0.97,35.88,0.19,150.02,163.74,137.45,13.15
0.03,0.97,35.67,0.27,135.87,154.18,119.73,17.22
0.03,0.97,35.91,0.20,151.93,166.45,138.68,13.88
0.03,0.97,35.66,0.16,135.76,145.87,126.34,9.76
0.03,0.97,35.64,0.17,134.07,144.97,123.98,10.50
0.03,0.97,35.64,0.15,134.47,143.98,125.58,9.20
0.03,0.97,35.63,0.20,133.84,147.02,121.84,12.59
0.03,0.97,35.84,0.18,147.10,159.72,135.48,12.12
0.03,0.97,35.72,0.15,139.62,149.85,130.09,9.88
0.03,0.97,35.80,0.33,144.49,167.90,124.35,21.78
0.03,0.97,35.73,0.22,140.11,155.07,126.60,14.23
0.03,0.97,35.89,0.23,150.71,167.22,135.83,15.70
0.03,0.97,35.62,0.17,132.83,143.51,122.94,10.29
0.03,0.97,35.66,0.15,135.79,145.56,126.67,9.45
0.03,0.97,35.73,0.16,139.75,150.62,129.67,10.48
0.03,0.97,35.82,0.20,145.61,159.58,132.86,13.36
0.03,0.97,35.86,0.15,148.92,159.64,138.91,10.36
0.03,0.97,35.85,0.14,148.02,158.14,138.55,9.80
0.03,0.97,35.78,0.16,143.20,154.13,133.05,10.54
0.03,0.97,35.83,0.27,146.49,166.16,129.14,18.51
0.03,0.97,36.02,0.24,160.17,179.14,143.21,17.96
0.03,0.97,35.83,0.26,146.39,164.95,129.93,17.51
0.03,0.97,35.91,0.18,151.98,164.90,140.07,12.42
0.03,0.97,35.76,0.31,141.82,163.81,122.79,20.51
0.03,0.97,35.92,0.21,152.67,167.97,138.76,14.61
0.03,0.97,35.94,0.21,154.01,169.76,139.73,15.01
0.03,0.97,35.78,0.22,143.46,158.55,129.82,14.37
0.03,0.97,35.83,0.34,146.22,171.05,124.99,23.03
0.03,0.97,35.98,0.36,156.73,184.82,132.90,25.96
0.03,0.97,35.73,0.16,140.27,150.69,130.57,10.06
0.03,0.97,35.86,0.21,148.36,163.11,134.95,14.08
0.03,0.97,35.91,0.17,152.18,164.24,141.00,11.62
0.04,0.97,35.88,0.17,150.08,162.25,138.82,11.71
0.04,0.97,35.89,0.21,150.92,166.37,136.90,14.73
0.04,0.97,35.80,0.48,144.62,180.68,115.76,32.46
0.04,0.97,35.80,0.48,144.80,180.79,115.97,32.41
0.04,0.97,35.83,0.33,146.89,171.33,125.93,22.70
0.04,0.97,35.86,0.17,148.66,160.66,137.56,11.55
0.04,0.97,35.99,0.37,157.80,187.53,132.78,27.37
0.04,0.97,36.23,0.19,176.52,192.53,161.85,15.34
0.04,0.97,35.96,0.23,155.53,172.53,140.21,16.16
0.04,0.97,36.15,0.23,170.18,189.22,153.05,18.08
0.04,0.97,35.93,0.20,153.64,168.79,139.85,14.47
0.04,0.97,35.55,0.20,128.91,141.63,117.34,12.15
0.04,0.97,35.99,0.19,157.83,172.04,144.79,13.62
0.04,0.97,35.86,0.22,148.50,164.59,133.97,15.31
0.04,0.97,36.18,0.19,172.54,188.08,158.29,14.90
0.04,0.96,36.00,0.19,158.74,172.88,145.76,13.56
0.04,0.96,35.93,0.16,153.33,164.80,142.67,11.07
0.04,0.96,35.88,0.19,150.22,163.58,137.94,12.82
0.04,0.96,36.07,0.29,164.04,187.42,143.58,21.92
0.04,0.96,35.81,0.31,144.92,167.01,125.74,20.64
0.04,0.96,35.93,0.32,153.37,177.60,132.45,22.57
0.04,0.96,36.07,0.18,163.64,177.38,150.97,13.20
0.04,0.96,36.08,0.34,164.44,192.03,140.81,25.61
0.04,0.96,35.96,0.17,155.86,168.29,144.35,11.97
0.04,0.96,36.05,0.17,161.99,174.89,150.05,12.42
0.04,0.96,36.01,0.14,158.98,169.19,149.38,9.91
0.04,0.96,35.99,0.15,157.96,169.19,147.47,10.86
0.04,0.96,35.87,0.19,149.27,162.89,136.78,13.06
0.04,0.96,35.98,0.16,156.96,169.25,145.56,11.84
0.04,0.96,35.95,0.26,154.81,174.71,137.18,18.77
0.04,0.96,36.33,0.17,184.78,199.94,170.77,14.59
0.04,0.96,36.22,0.17,175.27,189.66,161.97,13.84
0.04,0.96,36.01,0.21,158.95,174.82,144.52,15.15
0.04,0.96,36.06,0.16,163.11,175.83,151.31,12.26
0.04,0.96,36.09,0.20,165.11,180.95,150.66,15.14
0.04,0.96,35.89,0.15,150.92,161.85,140.74,10.55
0.04,0.96,35.86,0.15,148.71,159.54,138.61,10.47
0.04,0.96,36.11,0.24,167.04,186.23,149.83,18.20
0.04,0.96,36.52,0.25,201.16,225.27,179.63,22.82
0.04,0.96,36.23,0.31,175.82,202.92,152.35,25.28
0.04,0.96,36.26,0.15,178.35,191.11,166.45,12.33
0.04,0.96,36.01,0.17,159.40,172.41,147.38,12.52
0.04,0.96,36.03,0.22,160.40,177.46,144.98,16.24
0.04,0.96,36.01,0.20,159.40,175.16,145.06,15.05
0.04,0.96,36.20,0.22,173.48,192.05,156.70,17.67
0.04,0.96,36.21,0.18,174.78,190.20,160.62,14.79
0.04,0.96,36.28,0.15,180.63,193.37,168.74,12.31
0.04,0.96,36.55,0.23,204.04,227.32,183.14,22.09
0.04,0.96,36.02,0.14,159.71,170.62,149.50,10.56
0.04,0.96,36.08,0.14,164.57,175.94,153.94,11.00
0.04,0.96,35.99,0.21,157.89,173.96,143.31,15.33
0.04,0.96,36.13,0.17,167.98,181.56,155.42,13.07
0.04,0.96,36.41,0.31,191.46,220.56,166.20,27.18
0.04,0.96,36.04,0.15,161.46,172.79,150.87,10.96
0.04,0.96,36.32,0.15,183.26,196.43,170.96,12.74
0.04,0.96,36.56,0.28,205.13,233.37,180.30,26.53
0.04,0.96,36.21,0.21,174.59,192.14,158.64,16.75
0.04,0.96,36.51,0.43,200.50,244.02,164.75,39.63
0.04,0.96,36.29,0.15,181.39,194.46,169.21,12.63
0.04,0.96,35.91,0.29,152.32,174.44,133.00,20.72
0.04,0.96,36.25,0.18,178.00,192.99,164.18,14.40
0.04,0.96,36.21,0.17,174.35,188.24,161.48,13.38
0.04,0.96,36.20,0.16,173.92,187.44,161.38,13.03
0.04,0.96,36.25,0.21,177.48,195.23,161.34,16.95
0.04,0.96,36.42,0.17,192.00,207.26,177.86,14.70
0.04,0.96,36.21,0.15,174.88,187.58,163.04,12.27
0.04,0.96,36.29,0.17,180.98,195.42,167.62,13.90
0.04,0.96,36.26,0.18,178.60,193.84,164.56,14.64
0.04,0.96,36.33,0.18,184.48,200.54,169.71,15.41
0.04,0.96,36.55,0.23,203.88,226.79,183.29,21.75
0.04,0.96,36.29,0.25,181.27,203.30,161.62,20.84
0.04,0.96,36.55,0.27,204.27,231.37,180.34,25.51
0.04,0.96,36.51,0.29,200.58,228.84,175.80,26.52
0.04,0.96,36.46,0.16,195.57,210.75,181.48,14.63
0.05,0.96,36.69,0.30,217.43,250.21,188.95,30.63
0.05,0.96,36.45,0.20,195.35,213.83,178.47,17.68
0.05,0.96,36.46,0.17,196.19,212.51,181.12,15.70
0.05,0.96,36.51,0.15,200.81,215.36,187.24,14.06
0.05,0.96,36.16,0.18,170.44,185.41,156.69,14.36
0.05,0.96,36.38,0.20,188.89,206.74,172.59,17.07
0.05,0.96,36.26,0.22,178.95,197.85,161.84,18.00
0.05,0.96,36.54,0.16,203.18,218.64,188.81,14.91
0.05,0.96,36.32,0.20,184.05,201.35,168.24,16.55
0.05,0.96,36.51,0.21,200.27,220.56,181.85,19.36
0.05,0.96,36.47,0.19,196.91,215.32,180.07,17.62
0.05,0.96,36.48,0.15,197.57,211.52,184.54,13.49
0.05,0.96,36.49,0.18,198.22,215.64,182.20,16.72
0.05,0.96,36.76,0.28,224.72,255.73,197.47,29.13
0.05,0.95,36.56,0.23,205.51,228.39,184.93,21.73
0.05,0.95,36.60,0.16,209.02,225.17,194.02,15.58
0.05,0.95,36.59,0.15,208.41,222.84,194.91,13.96
0.05,0.95,36.56,0.21,205.37,226.10,186.54,19.78
0.05,0.95,36.50,0.17,199.31,215.13,184.65,15.24
0.05,0.95,36.37,0.15,188.23,202.14,175.29,13.43
0.05,0.95,36.33,0.14,184.53,196.44,173.34,11.55
0.05,0.95,36.64,0.18,212.91,231.47,195.84,17.81
0.05,0.95,36.60,0.20,208.90,229.34,190.28,19.53
0.05,0.95,36.47,0.18,196.71,213.41,181.31,16.05
0.05,0.95,36.58,0.17,207.28,223.96,191.84,16.06
0.05,0.95,36.64,0.24,212.83,238.19,190.18,24.00
0.05,0.95,36.47,0.19,196.92,214.48,180.79,16.84
0.05,0.95,36.57,0.16,206.00,221.32,191.73,14.79
0.05,0.95,36.86,0.16,235.32,253.69,218.28,17.71
0.05,0.95,36.54,0.45,203.26,250.46,164.96,42.75
0.05,0.95,36.46,0.20,196.07,215.18,178.67,18.26
0.05,0.95,36.55,0.19,203.81,222.54,186.65,17.95
0.05,0.95,36.70,0.13,219.14,233.02,206.09,13.47
0.05,0.95,36.85,0.30,234.67,269.76,204.15,32.80
0.05,0.95,36.88,0.17,237.73,256.89,219.99,18.45
0.05,0.95,36.39,0.20,189.93,208.40,173.11,17.65
0.05,0.95,36.59,0.16,207.61,223.15,193.14,15.01
0.05,0.95,36.78,0.23,226.56,251.66,203.96,23.85
0.05,0.95,36.87,0.21,236.36,260.16,214.74,22.71
0.05,0.95,36.54,0.30,203.54,233.57,177.38,28.10
0.05,0.95,36.84,0.22,233.46,258.15,211.14,23.50
0.05,0.95,36.91,0.21,241.48,265.69,219.47,23.11
0.05,0.95,36.78,0.16,226.49,244.00,210.23,16.89
0.05,0.95,36.85,0.17,234.14,253.47,216.29,18.59
0.05,0.95,36.86,0.13,235.84,250.83,221.75,14.54
0.05,0.95,36.83,0.18,232.56,252.53,214.17,19.18
0.05,0.95,36.86,0.15,235.30,252.08,219.63,16.22
0.06,0.95,36.64,0.18,213.14,231.07,196.60,17.24
0.06,0.95,36.87,0.19,236.33,258.46,216.10,21.18
0.06,0.95,36.81,0.19,230.24,251.66,210.64,20.51
0.06,0.95,36.91,0.19,240.97,262.40,221.28,20.56
0.06,0.95,37.04,0.18,255.78,277.41,235.83,20.79
0.06,0.95,36.99,0.17,250.07,270.61,231.08,19.77
0.06,0.95,37.07,0.22,259.26,287.08,234.14,26.47
0.06,0.94,36.98,0.14,249.13,265.49,233.77,15.86
0.06,0.94,36.93,0.15,243.49,260.51,227.58,16.47
0.06,0.94,36.95,0.18,245.98,267.59,226.12,20.74
0.06,0.94,36.98,0.22,248.91,274.89,225.39,24.75
0.06,0.94,37.15,0.25,268.66,301.83,239.13,31.35
0.06,0.94,36.30,0.62,181.98,241.84,136.94,52.45
0.06,0.94,37.03,0.18,254.92,276.64,234.90,20.87
0.06,0.94,37.16,0.12,270.78,286.68,255.76,15.46
0.06,0.94,37.19,0.16,274.47,295.54,254.91,20.31
0.06,0.94,37.14,0.20,267.71,293.27,244.38,24.45
0.06,0.94,36.96,0.20,246.69,270.02,225.39,22.31
0.06,0.94,36.97,0.14,247.64,264.37,231.97,16.20
0.06,0.94,37.07,0.18,259.98,282.88,238.93,21.97
0.06,0.94,37.35,0.21,295.35,324.82,268.56,28.13
0.06,0.94,37.02,0.16,253.48,272.34,235.92,18.21
0.06,0.94,37.08,0.15,260.45,279.64,242.57,18.54
0.07,0.94,37.09,0.15,261.23,280.30,243.45,18.43
0.07,0.94,37.36,0.20,296.72,325.84,270.20,27.82
0.07,0.94,37.16,0.30,270.73,310.30,236.21,37.04
0.07,0.94,37.42,0.19,305.31,333.90,279.16,27.37
0.07,0.94,37.23,0.20,279.82,307.24,254.85,26.20
0.07,0.94,37.49,0.19,315.28,344.19,288.80,27.69
0.07,0.94,37.24,0.19,280.30,306.10,256.67,24.72
0.07,0.94,37.42,0.16,304.97,328.19,283.40,22.40
0.07,0.94,37.28,0.17,285.98,309.86,263.94,22.96
0.07,0.93,37.29,0.28,287.66,326.90,253.13,36.89
0.07,0.93,37.30,0.23,287.89,319.60,259.32,30.14
0.07,0.93,37.28,0.21,285.43,314.75,258.84,27.95
0.07,0.93,37.48,0.18,313.14,339.61,288.74,25.43
0.07,0.93,37.48,0.45,313.53,385.21,255.19,65.01
0.07,0.93,37.45,0.25,309.64,347.07,276.25,35.41
0.07,0.93,37.73,0.50,351.41,442.78,278.90,81.94
0.07,0.93,37.37,0.23,298.02,331.05,268.28,31.38
0.07,0.93,37.36,0.20,295.83,323.77,270.29,26.74
0.07,0.93,37.25,0.16,281.76,303.45,261.62,20.92
0.07,0.93,37.42,0.21,304.16,334.88,276.25,29.31
0.07,0.93,37.56,0.18,325.36,353.61,299.36,27.12
0.07,0.93,37.63,0.20,336.03,368.40,306.51,30.95
0.07,0.93,37.62,0.30,334.58,384.99,290.77,47.11
0.07,0.93,37.55,0.18,324.12,351.56,298.81,26.37
0.07,0.93,37.43,0.22,306.85,339.88,277.02,31.43
0.07,0.93,37.45,0.19,309.04,337.63,282.88,27.38
0.08,0.93,37.48,0.18,312.80,339.79,287.94,25.92
0.08,0.93,37.57,0.15,325.93,350.04,303.47,23.28
0.08,0.93,37.81,0.29,365.46,417.51,319.90,48.81
0.08,0.93,37.55,0.22,323.01,356.99,292.27,32.36
0.08,0.93,37.63,0.20,336.39,368.56,307.03,30.77
0.08,0.93,37.57,0.15,326.81,350.25,304.95,22.65
0.08,0.93,37.83,0.15,368.38,394.02,344.42,24.80
0.08,0.93,38.02,0.24,400.94,447.64,359.11,44.26
0.08,0.93,38.09,0.18,415.76,451.71,382.66,34.53
0.08,0.93,37.60,0.50,330.95,417.28,262.48,77.40
0.08,0.93,37.78,0.24,360.46,402.25,323.01,39.62
0.08,0.93,37.53,0.15,320.63,343.12,299.61,21.75
0.08,0.93,37.60,0.16,331.18,356.14,307.96,24.09
0.08,0.93,37.67,0.12,341.48,360.76,323.22,18.77
0.08,0.92,37.72,0.22,350.19,387.46,316.50,35.48
0.08,0.92,37.82,0.22,366.30,404.91,331.37,36.77
0.08,0.92,37.68,0.27,343.15,387.80,303.64,42.08
0.08,0.92,37.99,0.20,396.99,434.31,362.87,35.72
0.08,0.92,37.97,0.22,392.39,434.55,354.32,40.11
0.09,0.92,37.84,0.13,369.93,392.49,348.66,21.91
0.09,0.92,37.85,0.22,371.26,410.24,335.98,37.13
0.09,0.92,37.78,0.25,359.29,403.72,319.75,41.99
0.09,0.92,37.92,0.22,383.74,424.08,347.24,38.42
0.09,0.92,38.03,0.17,403.07,435.40,373.14,31.13
0.09,0.92,38.16,0.27,428.59,484.52,379.12,52.70
0.09,0.91,38.22,0.49,441.08,553.58,351.45,101.06
0.10,0.91,38.44,0.19,487.01,532.70,445.24,43.73
0.10,0.91,38.30,0.17,456.71,492.89,423.18,34.85
0.10,0.91,38.41,0.19,480.51,523.82,440.78,41.52
0.10,0.91,38.25,0.20,446.91,489.93,407.67,41.13
0.10,0.91,38.18,0.19,432.81,471.57,397.24,37.17
0.10,0.91,38.33,0.13,464.26,492.08,438.01,27.04
0.10,0.91,38.21,0.20,438.11,479.59,400.21,39.69
0.11,0.90,38.43,0.24,485.18,540.92,435.17,52.87
0.11,0.90,38.26,0.20,448.97,491.28,410.31,40.48
0.11,0.90,38.46,0.15,492.58,528.09,459.47,34.31
0.11,0.90,38.43,0.21,485.18,534.56,440.36,47.10
0.11,0.90,38.78,0.47,570.19,707.50,459.53,123.99
0.11,0.90,38.50,0.18,500.82,544.12,460.97,41.58
0.11,0.90,38.40,0.19,479.00,522.11,439.46,41.33
0.11,0.90,38.40,0.13,478.98,509.28,450.49,29.40
0.11,0.90,38.57,0.18,517.63,562.30,476.51,42.90
0.11,0.90,38.62,0.16,530.01,571.37,491.63,39.87
0.11,0.90,38.39,0.19,475.90,520.60,435.05,42.78
0.12,0.90,38.54,0.16,510.69,549.72,474.44,37.64
0.12,0.90,38.63,0.19,532.16,579.68,488.53,45.57
0.12,0.89,38.57,0.24,518.25,578.72,464.10,57.31
0.12,0.89,38.61,0.21,526.94,581.63,477.39,52.12
0.12,0.89,38.42,0.13,482.10,511.15,454.70,28.23
0.12,0.89,38.56,0.21,515.92,568.93,467.85,50.54
0.12,0.89,38.60,0.20,523.79,574.38,477.66,48.36
0.12,0.89,38.79,0.25,573.48,644.13,510.59,66.77
0.12,0.89,38.63,0.30,533.29,613.04,463.91,74.56
0.12,0.89,38.59,0.16,523.48,562.97,486.76,38.10
0.12,0.89,38.61,0.23,527.69,586.96,474.41,56.28
0.12,0.89,38.69,0.14,545.83,583.41,510.67,36.37
0.12,0.89,38.60,0.27,524.01,594.66,461.76,66.45
0.12,0.89,38.62,0.16,528.79,569.79,490.74,39.53
0.12,0.89,38.80,0.33,575.68,671.20,493.75,88.73
0.12,0.89,38.82,0.15,581.89,623.60,542.97,40.31
0.12,0.89,38.65,0.15,537.13,574.43,502.25,36.09
0.12,0.89,38.84,0.22,584.79,647.60,528.07,59.76
0.12,0.89,38.76,0.13,565.35,599.09,533.51,32.79
0.13,0.89,39.14,0.30,673.50,772.91,586.88,93.01
0.13,0.89,38.50,0.29,500.17,572.52,436.97,67.77
0.13,0.89,38.81,0.26,578.76,652.28,513.53,69.38
0.13,0.89,38.68,0.28,545.73,621.09,479.52,70.79
0.13,0.89,38.74,0.16,560.51,603.23,520.81,41.21
0.13,0.89,38.78,0.18,571.24,619.73,526.55,46.59
0.13,0.89,38.75,0.15,563.56,604.14,525.71,39.21
0.13,0.89,38.84,0.21,586.22,646.58,531.50,57.54
0.13,0.89,38.83,0.25,584.25,655.67,520.61,67.53
0.13,0.89,38.84,0.14,586.92,626.80,549.58,38.61
0.13,0.88,38.80,0.13,575.97,612.79,541.36,35.72
0.13,0.88,38.78,0.12,571.24,604.30,539.99,32.16
0.13,0.88,38.83,0.28,582.53,663.84,511.18,76.33
0.13,0.88,38.84,0.16,587.06,631.28,545.93,42.67
0.13,0.88,39.24,0.20,703.59,771.24,641.87,64.69
0.14,0.88,39.08,0.31,653.88,755.38,566.02,94.68
0.14,0.88,38.98,0.21,624.34,686.67,567.67,59.50
0.14,0.88,38.85,0.20,588.17,643.60,537.51,53.04
0.14,0.88,39.01,0.22,633.72,702.68,571.53,65.58
0.14,0.88,38.96,0.26,619.90,698.47,550.16,74.15
0.14,0.88,39.35,0.23,741.69,824.70,667.02,78.84
0.14,0.88,38.89,0.13,598.60,635.09,564.21,35.44
0.14,0.88,38.95,0.16,616.68,663.76,572.94,45.41
0.14,0.88,39.02,0.12,637.65,675.20,602.19,36.51
0.14,0.88,39.04,0.32,642.72,744.45,554.89,94.78
0.14,0.88,39.00,0.18,630.93,684.20,581.80,51.20
0.14,0.88,39.05,0.13,644.67,684.68,607.00,38.84
0.14,0.88,39.02,0.15,637.18,681.42,595.81,42.80
0.14,0.88,39.18,0.18,684.70,745.25,629.07,58.09
0.14,0.88,39.28,0.20,718.95,789.59,654.63,67.48
0.14,0.88,39.04,0.21,642.89,708.97,582.98,62.99
0.14,0.88,39.12,0.26,667.94,753.20,592.33,80.43
0.14,0.87,39.05,0.16,644.76,694.26,598.80,47.73
0.14,0.87,39.52,0.37,799.98,948.88,674.45,137.21
0.14,0.87,39.11,0.13,664.81,705.67,626.33,39.67
0.14,0.87,39.08,0.17,653.31,706.71,603.95,51.38
0.14,0.87,39.02,0.24,635.62,710.22,568.86,70.68
0.15,0.87,39.15,0.21,676.64,745.41,614.22,65.59
0.15,0.87,39.19,0.21,687.29,756.17,624.68,65.75
0.15,0.87,39.16,0.19,678.58,739.80,622.42,58.69
0.15,0.87,39.02,0.20,635.45,695.95,580.20,57.87
0.15,0.87,38.97,0.17,621.50,672.67,574.22,49.22
0.15,0.87,39.13,0.19,671.12,732.08,615.24,58.42
0.15,0.87,39.16,0.17,679.52,734.91,628.30,53.31
0.15,0.87,39.23,0.18,700.97,763.30,643.73,59.79
0.15,0.87,39.04,0.16,642.16,690.60,597.11,46.75
0.15,0.87,39.02,0.14,637.94,681.27,597.37,41.95
0.15,0.87,39.16,0.17,679.39,736.39,626.80,54.79
0.15,0.87,39.11,0.18,663.87,719.65,612.40,53.63
0.15,0.87,39.11,0.17,662.46,716.42,612.57,51.93
0.15,0.87,39.17,0.13,681.93,725.38,641.09,42.15
0.15,0.87,39.05,0.16,644.97,693.90,599.50,47.20
0.15,0.87,39.32,0.17,732.45,793.27,676.30,58.48
0.15,0.87,39.22,0.13,697.43,739.69,657.58,41.06
0.15,0.87,39.10,0.16,660.42,710.90,613.53,48.68
0.15,0.87,39.26,0.18,710.04,771.18,653.74,58.72
0.15,0.87,39.36,0.18,746.07,808.86,688.16,60.35
0.16,0.87,39.21,0.17,694.26,750.06,642.60,53.73
0.16,0.87,39.28,0.16,717.13,771.20,666.85,52.17
0.16,0.87,39.40,0.18,758.37,822.34,699.37,61.48
0.16,0.87,38.97,0.18,622.41,675.96,573.11,51.42
0.16,0.86,39.21,0.21,694.61,765.24,630.50,67.37
0.16,0.86,39.08,0.16,654.46,705.70,606.93,49.39
0.16,0.86,39.43,0.28,767.96,875.14,673.91,100.61
0.16,0.86,38.95,0.14,616.68,658.94,577.13,40.90
0.16,0.86,39.09,0.14,657.90,702.70,615.96,43.37
0.16,0.86,39.04,0.27,643.52,728.94,568.11,80.41
0.16,0.86,39.23,0.17,701.00,757.29,648.90,54.20
0.16,0.86,39.21,0.22,693.65,766.57,627.67,69.45
0.16,0.86,39.42,0.26,767.08,864.79,680.41,92.19
0.16,0.86,39.22,0.21,697.01,767.53,632.97,67.28
0.16,0.86,39.31,0.25,727.98,815.43,649.91,82.76
0.16,0.86,39.33,0.22,732.89,812.56,661.04,75.76
0.16,0.86,39.28,0.20,718.03,787.66,654.55,66.56
0.16,0.86,39.26,0.20,712.33,780.81,649.85,65.48
0.16,0.86,39.33,0.14,734.28,782.98,688.60,47.19
0.16,0.86,39.32,0.15,730.53,783.11,681.49,50.81
0.17,0.86,39.49,0.24,792.06,885.40,708.57,88.41
0.17,0.86,39.18,0.19,686.03,749.96,627.54,61.21
0.17,0.86,39.28,0.17,716.37,773.22,663.70,54.76
0.17,0.86,39.52,0.18,800.02,870.31,735.40,67.45
0.17,0.85,39.67,0.27,859.84,975.89,757.60,109.14
0.17,0.85,39.47,0.13,784.95,834.40,738.42,47.99
0.17,0.85,39.54,0.28,809.99,919.56,713.48,103.04
0.17,0.85,39.46,0.21,779.94,861.00,706.51,77.25
0.17,0.85,39.50,0.18,795.10,862.78,732.72,65.03
0.17,0.85,39.27,0.15,713.71,765.58,665.35,50.11
0.17,0.85,39.73,0.25,881.58,990.32,784.78,102.77
0.17,0.85,39.39,0.13,754.08,801.29,709.66,45.82
0.17,0.85,39.54,0.18,809.21,880.43,743.74,68.34
0.17,0.85,39.35,0.15,741.07,794.62,691.13,51.75
0.17,0.85,39.60,0.32,831.23,962.56,717.82,122.37
0.17,0.85,39.57,0.14,821.64,875.20,771.36,51.92
0.17,0.85,39.33,0.15,735.09,789.23,684.67,52.28
0.17,0.85,39.51,0.18,796.27,866.67,731.59,67.54
0.17,0.85,39.55,0.23,814.55,905.97,732.36,86.81
0.17,0.85,39.48,0.16,788.82,850.18,731.90,59.14
0.17,0.85,39.74,0.18,888.55,966.24,817.10,74.57
0.18,0.85,39.52,0.14,800.35,851.87,751.95,49.96
0.18,0.85,39.51,0.18,797.81,865.02,735.83,64.60
0.18,0.85,39.48,0.14,786.00,837.67,737.51,50.08
0.18,0.85,39.34,0.26,737.70,830.52,655.25,87.63
0.18,0.85,39.65,0.13,850.24,903.34,800.26,51.54
0.18,0.85,39.97,0.21,984.87,1083.81,894.97,94.42
0.18,0.85,39.64,0.16,847.62,911.31,788.37,61.47
0.18,0.85,39.77,0.20,898.34,985.67,818.74,83.47
0.18,0.85,39.54,0.23,807.42,897.56,726.33,85.62
0.18,0.85,39.55,0.28,813.17,925.33,714.60,105.36
0.18,0.85,39.55,0.17,813.54,881.67,750.68,65.50
0.18,0.85,39.60,0.21,830.31,914.17,754.14,80.01
0.18,0.85,40.00,0.27,999.03,1130.31,883.01,123.65
0.18,0.85,39.37,0.14,747.76,796.68,701.84,47.42
0.18,0.85,39.50,0.13,795.61,846.15,748.09,49.03
0.18,0.85,39.72,0.18,877.65,953.13,808.14,72.49
0.18,0.85,39.64,0.13,846.88,900.78,796.20,52.29
0.18,0.85,39.62,0.25,837.57,938.13,747.79,95.17
0.18,0.85,39.62,0.21,839.96,924.40,763.24,80.58
0.18,0.85,39.66,0.23,854.48,948.18,770.03,89.08
0.18,0.85,39.49,0.13,789.51,839.79,742.25,48.77
0.18,0.85,39.40,0.24,756.94,843.52,679.24,82.14
0.18,0.85,39.59,0.20,826.53,906.72,753.44,76.64
0.18,0.85,39.53,0.15,803.86,861.29,750.25,55.52
0.18,0.85,39.69,0.15,866.36,929.37,807.63,60.87
0.18,0.85,39.78,0.18,904.52,981.49,833.60,73.94
0.18,0.84,39.60,0.29,831.57,952.22,726.21,113.01
0.18,0.84,39.68,0.15,862.98,925.37,804.80,60.28
0.18,0.84,39.75,0.20,892.07,976.98,814.54,81.22
0.18,0.84,39.80,0.22,910.33,1006.64,823.24,91.70
0.18,0.84,39.94,0.28,972.03,1107.06,853.47,126.80
0.18,0.84,39.79,0.14,907.44,969.06,849.75,59.66
0.18,0.84,39.65,0.28,853.02,969.00,750.92,109.04
0.18,0.84,39.61,0.13,836.76,890.37,786.37,52.00
0.19,0.84,39.74,0.16,888.59,956.24,825.72,65.26
0.19,0.84,39.63,0.16,845.16,909.97,784.97,62.50
0.19,0.84,39.54,0.17,810.10,876.96,748.35,64.31
0.19,0.84,39.79,0.14,907.07,967.19,850.68,58.25
0.19,0.84,39.76,0.14,893.68,955.17,836.14,59.52
0.19,0.84,39.77,0.14,899.25,957.68,844.38,56.65
0.19,0.84,39.75,0.19,889.24,971.21,814.19,78.51
0.19,0.84,39.44,0.15,772.11,827.17,720.72,53.23
0.19,0.84,39.81,0.26,915.76,1030.47,813.82,108.33
0.19,0.84,39.94,0.23,970.91,1078.87,873.75,102.56
0.19,0.84,40.14,0.20,1066.99,1170.21,972.87,98.67
0.19,0.84,39.74,0.21,887.69,977.46,806.16,85.65
0.19,0.84,39.76,0.24,896.35,1000.48,803.07,98.71
0.19,0.84,39.73,0.22,882.51,978.73,795.75,91.49
0.19,0.84,39.88,0.16,946.54,1017.98,880.12,68.93
0.19,0.84,39.69,0.29,866.64,992.74,756.56,118.09
0.19,0.84,39.92,0.15,963.03,1034.21,896.75,68.73
0.19,0.84,39.80,0.22,911.30,1007.93,823.93,92.00
0.19,0.84,39.88,0.22,945.67,1047.47,853.77,96.85
0.20,0.84,40.13,0.40,1063.80,1281.30,883.22,199.04
0.20,0.84,39.71,0.16,875.43,940.90,814.51,63.19
0.20,0.84,39.91,0.20,958.61,1049.12,875.90,86.61
0.20,0.84,39.96,0.21,980.84,1081.60,889.48,96.06
0.20,0.84,39.73,0.12,882.59,934.81,833.29,50.76
0.20,0.84,39.77,0.16,901.45,969.47,838.20,65.63
0.20,0.84,39.84,0.25,928.84,1044.41,826.06,109.18
0.20,0.84,39.89,0.29,951.79,1089.49,831.49,129.00
0.20,0.84,39.80,0.14,912.77,974.26,855.15,59.55
0.20,0.84,39.69,0.13,868.24,922.18,817.46,52.36
0.20,0.83,39.49,0.19,791.41,863.44,725.38,69.03
0.20,0.83,39.76,0.18,893.76,972.14,821.70,75.22
0.20,0.83,39.89,0.17,949.69,1029.11,876.39,76.36
0.20,0.83,40.32,0.24,1161.23,1296.10,1040.40,127.85
0.20,0.83,39.89,0.21,949.77,1046.93,861.63,92.65
0.20,0.83,39.89,0.17,950.17,1029.68,876.80,76.44
0.20,0.83,40.02,0.22,1010.00,1116.47,913.68,101.40
0.20,0.83,39.85,0.25,933.73,1049.70,830.57,109.57
0.20,0.83,39.68,0.25,861.55,964.96,769.22,97.87
0.20,0.83,39.90,0.17,953.45,1031.83,881.03,75.40
0.20,0.83,39.68,0.19,864.45,945.66,790.21,77.72
0.20,0.83,39.98,0.25,992.57,1115.20,883.42,115.89
0.20,0.83,39.77,0.32,898.34,1039.12,776.63,131.24
0.20,0.83,39.86,0.22,936.48,1034.88,847.44,93.72
0.20,0.83,39.62,0.20,838.84,918.98,765.69,76.64
0.20,0.83,39.99,0.16,997.65,1073.79,926.91,73.44
0.20,0.83,39.84,0.18,927.81,1010.31,852.05,79.13
0.20,0.83,39.97,0.15,984.37,1053.14,920.10,66.52
0.20,0.83,39.88,0.17,947.20,1022.84,877.14,72.85
0.20,0.83,39.93,0.17,967.25,1047.85,892.85,77.50
0.20,0.83,39.93,0.22,969.84,1071.34,877.96,96.69
0.20,0.83,39.90,0.17,956.80,1035.42,884.15,75.64
0.20,0.83,39.88,0.16,946.63,1019.02,879.38,69.82
0.20,0.83,39.84,0.20,930.12,1020.95,847.37,86.79
0.21,0.83,40.17,0.23,1079.49,1198.84,972.02,113.41
0.21,0.83,39.81,0.17,917.32,994.28,846.31,73.98
0.21,0.83,39.92,0.28,964.94,1097.66,848.27,124.69
0.21,0.83,40.32,0.33,1156.64,1348.76,991.90,178.43
0.21,0.83,40.07,0.15,1033.95,1107.37,965.40,70.99
0.21,0.83,39.73,0.27,883.04,1000.96,779.01,110.97
0.21,0.83,39.88,0.15,944.41,1010.45,882.68,63.88
0.21,0.83,40.10,0.24,1048.77,1171.07,939.24,115.91
0.21,0.83,39.86,0.20,939.25,1028.77,857.51,85.63
0.21,0.83,39.88,0.16,946.15,1018.33,879.08,69.63
0.21,0.83,39.84,0.26,929.52,1048.79,823.82,112.48
0.21,0.83,40.15,0.15,1070.48,1146.45,999.55,73.45
0.21,0.83,39.45,0.19,777.79,847.36,713.93,66.72
0.21,0.83,39.96,0.22,983.20,1089.54,887.23,101.15
0.21,0.83,39.81,0.16,914.53,982.52,851.25,65.64
0.21,0.83,39.96,0.16,979.58,1056.07,908.63,73.72
0.21,0.83,40.14,0.27,1067.33,1206.49,944.23,131.13
0.21,0.83,39.97,0.23,985.19,1095.52,885.97,104.77
0.21,0.83,39.91,0.19,960.99,1051.04,878.66,86.19
0.21,0.82,39.94,0.24,971.58,1086.99,868.43,109.28
0.21,0.82,40.02,0.17,1010.09,1089.97,936.06,76.96
0.21,0.82,40.01,0.19,1003.88,1095.84,919.63,88.10
0.21,0.82,39.89,0.20,949.47,1039.87,866.93,86.47
0.21,0.82,40.02,0.30,1008.28,1157.07,878.62,139.23
0.22,0.82,39.88,0.48,947.33,1180.53,760.19,210.17
0.22,0.82,40.46,0.23,1238.28,1376.28,1114.13,131.08
0.22,0.82,40.23,0.26,1109.33,1249.69,984.73,132.48
0.22,0.82,39.83,0.14,922.70,984.84,864.48,60.18
0.22,0.82,40.07,0.19,1031.43,1125.94,944.85,90.55
0.22,0.82,40.09,0.19,1043.85,1136.84,958.47,89.18
0.22,0.82,40.14,0.27,1066.35,1207.32,941.84,132.74
0.22,0.82,39.99,0.17,997.33,1080.95,920.18,80.39
0.22,0.82,40.22,0.20,1107.44,1216.76,1007.94,104.41
0.22,0.82,40.14,0.25,1067.38,1196.30,952.36,121.97
0.22,0.82,40.19,0.24,1092.70,1220.80,978.03,121.38
0.22,0.82,40.13,0.22,1061.30,1173.83,959.57,107.13
0.22,0.82,40.03,0.13,1013.72,1076.67,954.46,61.11
0.22,0.82,40.00,0.21,1002.21,1103.45,910.26,96.59
0.22,0.82,40.11,0.16,1051.86,1132.31,977.13,77.59
0.22,0.82,40.06,0.12,1028.77,1089.39,971.53,58.93
0.22,0.82,40.09,0.17,1041.45,1128.02,961.53,83.24
0.22,0.82,40.24,0.22,1116.19,1235.32,1008.56,113.38
0.22,0.82,39.92,0.24,965.07,1079.32,862.92,108.20
0.22,0.82,40.19,0.23,1090.23,1209.41,982.80,113.31
0.22,0.82,40.08,0.27,1037.43,1173.07,917.48,127.80
0.22,0.82,40.04,0.14,1020.52,1090.11,955.36,67.37
0.22,0.82,40.06,0.20,1027.45,1129.04,934.99,97.03
0.22,0.82,40.19,0.17,1093.30,1180.25,1012.76,83.74
0.22,0.82,40.33,0.28,1161.82,1322.47,1020.69,150.89
0.22,0.82,40.15,0.17,1072.06,1157.91,992.58,82.67
0.22,0.82,40.02,0.17,1007.49,1090.95,930.41,80.27
0.22,0.82,40.13,0.20,1061.35,1162.26,969.21,96.52
0.22,0.82,39.94,0.25,974.94,1091.78,870.61,110.58
0.22,0.82,40.11,0.16,1053.22,1134.08,978.13,77.97
0.23,0.82,40.15,0.17,1071.08,1160.45,988.58,85.93
0.23,0.82,40.13,0.19,1063.11,1159.75,974.53,92.61
0.23,0.82,40.19,0.20,1089.23,1192.91,994.56,99.18
0.23,0.82,39.99,0.18,993.80,1077.69,916.45,80.62
0.23,0.82,40.39,0.20,1197.40,1313.58,1091.50,111.04
0.23,0.81,40.10,0.23,1045.68,1161.71,941.24,110.23
0.23,0.81,40.22,0.18,1108.46,1206.14,1018.69,93.73
0.23,0.81,40.16,0.31,1076.66,1240.88,934.18,153.35
0.23,0.81,40.22,0.20,1108.10,1216.36,1009.48,103.44
0.23,0.81,40.14,0.19,1064.19,1160.47,975.90,92.28
0.23,0.81,40.13,0.23,1060.86,1178.01,955.37,111.32
0.23,0.81,40.31,0.26,1151.44,1297.96,1021.45,138.25
0.23,0.81,40.07,0.30,1033.57,1184.98,901.51,141.73
0.23,0.81,40.10,0.20,1049.49,1153.24,955.08,99.08
0.23,0.81,40.30,0.23,1145.94,1271.80,1032.53,119.63
0.23,0.81,40.32,0.19,1157.12,1262.79,1060.30,101.24
0.23,0.81,40.20,0.23,1096.98,1217.81,988.14,114.84
0.23,0.81,40.09,0.24,1041.12,1161.32,933.36,113.98
0.23,0.81,40.20,0.16,1098.75,1182.50,1020.94,80.78
0.23,0.81,39.83,0.18,926.45,1006.93,852.39,77.27
0.23,0.81,40.19,0.26,1089.28,1225.04,968.56,128.24
0.23,0.81,40.41,0.20,1210.49,1325.06,1105.82,109.62
0.23,0.81,40.18,0.29,1085.83,1242.19,949.14,146.52
0.23,0.81,40.14,0.21,1066.06,1176.52,965.96,105.28
0.23,0.81,40.19,0.33,1092.04,1270.10,938.95,165.58
0.23,0.81,40.28,0.17,1136.79,1228.06,1052.30,87.88
0.23,0.81,40.16,0.18,1075.47,1170.17,988.44,90.86
0.24,0.81,40.16,0.28,1077.90,1223.52,949.62,136.95
0.24,0.81,40.23,0.21,1113.58,1229.02,1008.97,110.03
0.24,0.81,40.38,0.16,1191.52,1280.11,1109.05,85.53
0.24,0.81,40.26,0.16,1129.07,1213.57,1050.45,81.56
0.24,0.81,40.47,0.19,1240.17,1355.52,1134.63,110.45
0.24,0.81,40.12,0.24,1056.33,1177.96,947.26,115.35
0.24,0.81,40.23,0.21,1110.66,1223.57,1008.17,107.70
0.24,0.81,40.22,0.20,1108.92,1218.12,1009.51,104.30
0.24,0.81,40.74,0.31,1403.78,1616.01,1219.43,198.29
0.24,0.81,40.23,0.17,1112.60,1204.47,1027.75,88.36
0.24,0.81,39.91,0.21,957.59,1054.05,869.96,92.05
0.24,0.81,40.13,0.18,1061.70,1153.87,976.88,88.49
0.24,0.81,40.38,0.26,1193.82,1348.30,1057.05,145.62
0.24,0.81,40.40,0.17,1203.15,1299.17,1114.22,92.47
0.24,0.81,40.33,0.13,1163.64,1235.81,1095.69,70.06
0.24,0.81,40.12,0.18,1057.50,1151.08,971.52,89.78
0.24,0.81,40.17,0.26,1082.43,1221.05,959.54,130.76
0.24,0.81,40.56,0.22,1296.58,1435.72,1170.92,132.40
0.24,0.80,40.42,0.22,1214.34,1343.73,1097.41,123.16
0.24,0.80,40.57,0.26,1302.21,1467.25,1155.73,155.76
0.24,0.80,40.25,0.14,1122.85,1199.34,1051.23,74.06
0.24,0.80,40.54,0.31,1281.15,1475.24,1112.59,181.32
0.24,0.80,40.30,0.24,1145.83,1281.39,1024.61,128.39
0.24,0.80,40.21,0.22,1099.71,1217.93,992.98,112.47
0.24,0.80,40.13,0.19,1059.89,1154.75,972.82,90.97
0.25,0.80,40.33,0.21,1166.06,1284.19,1058.79,112.70
0.25,0.80,40.50,0.18,1256.43,1366.06,1155.61,105.22
0.25,0.80,40.36,0.22,1179.34,1304.77,1065.97,119.40
0.25,0.80,40.43,0.17,1220.00,1317.75,1129.51,94.12
0.25,0.80,40.35,0.15,1173.44,1257.02,1095.41,80.81
0.25,0.80,40.38,0.17,1190.15,1287.86,1099.84,94.01
0.25,0.80,40.28,0.21,1139.15,1257.56,1031.89,112.84
0.25,0.80,40.39,0.16,1197.13,1285.79,1114.58,85.61
0.25,0.80,40.20,0.14,1095.62,1167.20,1028.43,69.39
0.25,0.80,40.20,0.18,1097.99,1191.34,1011.97,89.68
0.25,0.80,40.49,0.22,1253.83,1384.92,1135.15,124.89
0.25,0.80,40.43,0.20,1217.64,1332.44,1112.74,109.85
0.25,0.80,40.37,0.26,1183.42,1334.91,1049.12,142.89
0.25,0.80,40.33,0.18,1161.77,1261.20,1070.18,95.51
0.25,0.80,40.43,0.18,1217.31,1322.89,1120.15,101.37
0.25,0.80,40.32,0.17,1157.02,1249.72,1071.19,89.26
0.25,0.80,40.67,0.22,1363.52,1509.32,1231.80,138.76
0.25,0.80,40.30,0.21,1146.09,1260.61,1041.98,109.31
0.25,0.80,40.39,0.16,1197.57,1291.35,1110.60,90.37
0.25,0.80,40.60,0.22,1316.13,1459.48,1186.86,136.31
0.25,0.80,40.38,0.22,1189.27,1314.99,1075.56,119.71
0.25,0.80,40.41,0.18,1210.32,1314.69,1114.24,100.23
0.25,0.80,40.57,0.19,1299.69,1417.70,1191.50,113.10
0.25,0.80,40.30,0.19,1148.63,1252.67,1053.23,99.72
0.25,0.80,40.39,0.20,1195.25,1312.14,1088.78,111.68
0.25,0.80,40.47,0.21,1241.54,1365.93,1128.47,118.73
0.25,0.80,40.46,0.17,1237.20,1335.79,1145.88,94.95
0.25,0.80,40.41,0.26,1205.92,1358.78,1070.26,144.26
0.25,0.80,40.37,0.16,1185.11,1274.00,1102.43,85.79
0.25,0.80,40.03,0.26,1014.05,1144.52,898.45,123.03
0.25,0.80,40.45,0.17,1232.88,1331.90,1141.22,95.34
0.26,0.80,40.65,0.19,1346.36,1472.30,1231.19,120.55
0.26,0.80,40.56,0.27,1293.78,1466.21,1141.63,162.29
0.26,0.80,40.37,0.21,1187.35,1306.30,1079.24,113.53
0.26,0.80,40.50,0.25,1260.26,1415.17,1122.31,146.43
0.26,0.80,40.58,0.25,1304.73,1463.90,1162.86,150.52
0.26,0.80,40.49,0.19,1255.51,1372.59,1148.41,112.09
0.26,0.80,40.61,0.23,1323.61,1468.32,1193.16,137.58
0.26,0.79,40.53,0.23,1275.26,1418.54,1146.46,136.04
0.26,0.79,40.47,0.21,1239.54,1364.95,1125.65,119.65
0.26,0.79,40.51,0.15,1264.74,1355.06,1180.44,87.31
0.26,0.79,40.54,0.16,1283.39,1383.88,1190.20,96.84
0.26,0.79,40.29,0.18,1141.77,1239.65,1051.62,94.02
0.26,0.79,40.43,0.16,1216.47,1311.26,1128.53,91.37
0.26,0.79,40.52,0.23,1272.80,1417.52,1142.86,137.33
0.26,0.79,40.44,0.17,1225.74,1325.55,1133.46,96.05
0.26,0.79,40.50,0.17,1260.84,1364.32,1165.21,99.56
0.26,0.79,40.61,0.19,1326.05,1444.60,1217.23,113.68
0.26,0.79,40.45,0.21,1228.57,1351.78,1116.59,117.59
0.26,0.79,40.42,0.23,1212.38,1345.08,1092.78,126.15
0.26,0.79,40.69,0.26,1372.40,1546.21,1218.12,164.04
0.26,0.79,40.68,0.23,1368.36,1523.56,1228.97,147.29
0.26,0.79,40.39,0.23,1197.84,1329.25,1079.43,124.91
0.26,0.79,40.69,0.25,1376.26,1543.57,1227.09,158.24
0.26,0.79,40.72,0.22,1394.18,1540.63,1261.66,139.49
0.26,0.79,41.26,0.51,1789.86,2268.54,1412.19,428.18
0.26,0.79,40.64,0.17,1342.02,1451.37,1240.91,105.23
0.26,0.79,40.40,0.18,1202.10,1304.39,1107.82,98.29
0.26,0.79,40.56,0.17,1293.48,1397.34,1197.34,100.00
0.26,0.79,40.30,0.21,1150.01,1264.35,1046.00,109.18
0.26,0.79,40.63,0.38,1339.18,1596.06,1123.65,236.21
0.26,0.79,40.51,0.24,1263.22,1409.84,1131.85,139.00
0.26,0.79,40.52,0.20,1267.83,1388.84,1157.36,115.74
0.26,0.79,40.67,0.26,1362.64,1533.47,1210.84,161.32
0.27,0.79,40.61,0.22,1323.55,1464.49,1196.17,134.16
0.27,0.79,40.32,0.21,1161.13,1276.74,1055.99,110.38
0.27,0.79,40.29,0.26,1142.93,1291.27,1011.64,139.81
0.27,0.79,40.55,0.20,1286.06,1413.32,1170.25,121.53
0.27,0.79,40.51,0.20,1264.91,1388.27,1152.52,117.88
0.27,0.79,40.46,0.23,1237.26,1376.79,1111.86,132.46
0.27,0.79,40.58,0.19,1305.57,1425.70,1195.56,115.07
0.27,0.79,40.46,0.24,1233.28,1377.66,1104.03,136.82
0.27,0.79,40.60,0.22,1320.63,1459.52,1194.95,132.29
0.27,0.79,40.64,0.20,1340.48,1467.78,1224.22,121.78
0.27,0.79,40.51,0.16,1264.10,1363.81,1171.67,96.07
0.27,0.79,40.51,0.21,1267.01,1395.22,1150.58,122.32
0.27,0.79,40.49,0.17,1252.39,1351.96,1160.15,95.91
0.27,0.79,40.57,0.12,1298.79,1374.74,1227.04,73.85
0.27,0.79,40.54,0.17,1283.22,1389.76,1184.84,102.46
0.27,0.79,40.47,0.21,1242.85,1368.22,1128.97,119.63
0.27,0.78,40.74,0.29,1405.98,1609.14,1228.48,190.33
0.28,0.78,40.78,0.24,1430.14,1596.85,1280.84,158.00
0.28,0.78,40.53,0.24,1275.62,1425.91,1141.16,142.38
0.28,0.78,40.66,0.21,1357.13,1497.39,1230.00,133.70
0.28,0.78,40.67,0.18,1364.52,1482.49,1255.94,113.28
0.28,0.78,40.85,0.27,1479.38,1676.98,1305.07,185.95
0.28,0.78,40.62,0.24,1329.60,1488.22,1187.88,150.17
0.28,0.78,40.92,0.18,1526.65,1657.09,1406.48,125.30
0.28,0.78,40.70,0.16,1382.74,1491.44,1281.96,104.74
0.28,0.78,40.51,0.20,1262.18,1383.52,1151.48,116.02
0.28,0.78,40.57,0.15,1298.02,1392.98,1209.52,91.73
0.28,0.78,40.67,0.15,1359.13,1458.41,1266.60,95.90
0.28,0.78,40.62,0.17,1331.93,1443.55,1228.93,107.31
0.28,0.78,40.60,0.17,1317.41,1422.48,1220.10,101.19
0.28,0.78,40.74,0.30,1408.64,1615.37,1228.37,193.50
0.28,0.78,40.66,0.18,1354.94,1475.01,1244.64,115.19
0.28,0.78,40.57,0.15,1302.27,1398.06,1213.03,92.51
0.28,0.78,40.54,0.19,1284.16,1399.37,1178.44,110.46
0.28,0.78,40.69,0.21,1375.24,1512.86,1250.15,131.35
0.28,0.78,41.11,0.35,1669.94,1963.20,1420.48,271.36
0.29,0.78,40.70,0.19,1383.31,1507.02,1269.76,118.63
0.29,0.78,40.67,0.17,1362.07,1475.17,1257.65,108.76
0.29,0.78,40.64,0.22,1342.08,1483.48,1214.17,134.66
0.29,0.78,40.57,0.25,1299.63,1458.48,1158.09,150.20
0.29,0.78,40.54,0.24,1281.09,1430.07,1147.63,141.22
0.29,0.78,40.88,0.23,1496.44,1661.52,1347.77,156.87
0.29,0.78,40.71,0.19,1385.16,1510.44,1270.28,120.08
0.29,0.78,40.75,0.14,1411.89,1504.42,1325.04,89.69
0.29,0.78,40.75,0.17,1409.81,1521.40,1306.40,107.50
0.29,0.78,40.94,0.23,1544.05,1713.43,1391.40,161.02
0.29,0.78,40.74,0.23,1407.86,1564.08,1267.25,148.42
0.29,0.78,40.68,0.17,1365.40,1475.27,1263.72,105.77
0.29,0.78,40.70,0.28,1381.66,1569.80,1216.06,176.87
0.29,0.78,40.98,0.26,1567.83,1764.10,1393.40,185.35
0.29,0.78,40.74,0.27,1405.59,1592.75,1240.43,176.16
0.29,0.78,40.73,0.23,1399.46,1559.04,1256.21,151.42
0.29,0.77,40.79,0.23,1436.22,1597.31,1291.37,152.97
0.29,0.77,40.48,0.22,1249.68,1382.38,1129.72,126.33
0.29,0.77,40.76,0.18,1419.45,1540.50,1307.91,116.29
0.29,0.77,40.77,0.17,1422.53,1539.93,1314.08,112.93
0.29,0.77,40.75,0.48,1412.86,1765.41,1130.72,317.35
0.29,0.77,40.42,0.29,1215.01,1390.19,1061.91,164.14
0.29,0.77,40.64,0.23,1341.41,1490.48,1207.24,141.62
0.29,0.77,40.70,0.22,1377.34,1527.59,1241.86,142.87
0.29,0.77,40.75,0.17,1409.81,1527.64,1301.07,113.29
0.29,0.77,40.83,0.20,1463.39,1607.20,1332.44,137.38
0.29,0.77,40.86,0.20,1483.88,1630.67,1350.31,140.18
0.30,0.77,40.76,0.17,1420.37,1538.71,1311.13,113.79
0.30,0.77,41.02,0.31,1600.22,1844.01,1388.66,227.67
0.30,0.77,41.00,0.17,1584.09,1709.76,1467.66,121.05
0.30,0.77,40.99,0.37,1580.37,1870.56,1335.21,267.67
0.30,0.77,40.66,0.20,1354.88,1487.39,1234.17,126.61
0.30,0.77,40.75,0.21,1412.86,1556.68,1282.33,137.18
0.30,0.77,41.27,0.23,1795.15,1998.23,1612.70,192.77
0.30,0.77,40.65,0.27,1351.39,1532.35,1191.80,170.27
0.30,0.77,40.92,0.26,1527.21,1717.55,1357.97,179.79
0.30,0.77,41.01,0.34,1593.16,1864.65,1361.21,251.72
0.30,0.77,41.02,0.20,1600.52,1751.69,1462.39,144.65
0.30,0.77,40.73,0.19,1401.85,1527.54,1286.49,120.52
0.30,0.77,40.98,0.20,1573.04,1723.34,1435.85,143.75
0.30,0.77,40.88,0.25,1499.34,1680.11,1338.02,171.05
0.30,0.77,41.17,0.29,1716.25,1965.74,1498.42,233.66
0.30,0.77,40.86,0.19,1484.91,1621.96,1359.44,131.26
0.30,0.77,41.11,0.21,1666.17,1832.02,1515.34,158.34
0.30,0.77,40.89,0.22,1506.19,1670.44,1358.09,156.17
0.30,0.77,40.82,0.27,1459.08,1655.85,1285.70,185.07
0.30,0.77,40.92,0.14,1527.85,1631.49,1430.79,100.35
0.30,0.77,41.08,0.20,1642.71,1799.14,1499.87,149.63
0.30,0.77,40.72,0.22,1392.52,1542.47,1257.14,142.67
0.30,0.77,40.71,0.18,1383.69,1505.02,1272.14,116.44
0.30,0.77,41.04,0.24,1615.18,1806.26,1444.31,180.98
0.30,0.77,40.90,0.14,1514.82,1615.78,1420.16,97.81
0.31,0.77,40.59,0.31,1313.65,1512.94,1140.61,186.17
0.31,0.77,40.91,0.13,1517.33,1613.79,1426.63,93.58
0.31,0.77,41.00,0.23,1587.89,1762.24,1430.79,165.73
0.31,0.77,40.95,0.17,1545.33,1667.70,1431.93,117.89
0.31,0.77,40.90,0.20,1510.71,1657.65,1376.79,140.43
0.31,0.77,41.16,0.24,1706.08,1904.67,1528.20,188.23
0.31,0.77,40.96,0.15,1554.03,1665.22,1450.27,107.48
0.31,0.76,41.20,0.14,1739.24,1854.77,1630.91,111.93
0.31,0.76,40.95,0.25,1551.17,1743.70,1379.90,181.90
0.31,0.76,41.00,0.15,1581.54,1696.54,1474.34,111.10
0.31,0.76,41.05,0.25,1618.83,1816.89,1442.36,187.27
0.31,0.76,40.98,0.27,1567.26,1775.07,1383.77,195.65
0.31,0.76,41.02,0.30,1597.86,1834.96,1391.41,221.77
0.31,0.76,40.72,0.26,1393.16,1568.32,1237.56,165.38
0.31,0.76,40.62,0.34,1330.27,1553.19,1139.35,206.92
0.31,0.76,41.00,0.22,1582.12,1751.94,1428.77,161.58
0.31,0.76,41.05,0.18,1618.83,1760.87,1488.24,136.32
0.31,0.76,41.01,0.14,1593.90,1701.41,1493.18,104.12
0.31,0.76,41.04,0.21,1612.65,1777.15,1463.37,156.89
0.31,0.76,40.95,0.16,1549.03,1667.82,1438.70,114.56
0.31,0.76,40.96,0.15,1553.46,1664.34,1449.97,107.19
0.31,0.76,41.04,0.28,1610.79,1832.04,1416.27,207.89
0.31,0.76,40.62,0.21,1332.85,1465.62,1212.10,126.76
0.31,0.76,41.02,0.20,1599.19,1756.30,1456.13,150.09
0.31,0.76,41.01,0.18,1589.35,1724.16,1465.08,129.54
0.31,0.76,41.02,0.21,1601.62,1767.86,1451.02,158.42
0.31,0.76,41.13,0.16,1678.88,1803.69,1562.71,120.49
0.32,0.76,41.02,0.23,1599.12,1775.99,1439.86,168.07
0.32,0.76,40.88,0.22,1502.24,1662.39,1357.52,152.43
0.32,0.76,41.20,0.23,1740.44,1937.85,1563.14,187.35
0.32,0.76,40.93,0.23,1536.74,1706.58,1383.80,161.39
0.32,0.76,41.20,0.27,1736.12,1969.69,1530.25,219.72
0.32,0.76,41.07,0.20,1639.68,1794.50,1498.22,148.14
0.32,0.76,41.08,0.17,1642.25,1773.71,1520.54,126.59
0.32,0.76,41.02,0.15,1599.48,1716.63,1490.33,113.15
0.32,0.76,41.33,0.33,1848.84,2150.23,1589.70,280.27
0.32,0.76,41.14,0.18,1691.22,1835.42,1558.35,138.53
0.32,0.76,40.89,0.20,1509.45,1658.04,1374.18,141.93
0.32,0.76,41.23,0.21,1763.19,1939.81,1602.66,168.58
0.32,0.76,40.95,0.16,1552.10,1667.99,1444.26,111.87
0.32,0.76,41.19,0.29,1731.49,1982.02,1512.62,234.70
0.32,0.76,40.73,0.20,1397.72,1532.05,1275.17,128.44
0.32,0.76,40.86,0.16,1487.85,1600.28,1383.32,108.48
0.32,0.76,40.88,0.14,1497.89,1596.74,1405.16,95.79
0.32,0.76,40.93,0.21,1535.75,1693.17,1392.96,150.10
0.32,0.76,41.07,0.13,1636.74,1734.90,1544.14,95.38
0.33,0.75,41.23,0.19,1759.79,1923.59,1609.93,156.83
0.33,0.75,41.26,0.26,1788.55,2011.67,1590.17,210.75
0.33,0.75,41.16,0.27,1709.15,1936.58,1508.43,214.07
0.33,0.75,41.05,0.14,1620.17,1729.43,1517.81,105.81
0.33,0.75,41.05,0.16,1622.11,1743.89,1508.83,117.53
0.33,0.75,41.00,0.17,1585.04,1715.56,1464.45,125.56
0.33,0.75,41.31,0.31,1826.33,2105.07,1584.51,260.28
0.33,0.75,41.35,0.28,1862.94,2118.07,1638.55,239.76
0.33,0.75,40.93,0.30,1537.45,1761.69,1341.74,209.97
0.33,0.75,41.07,0.15,1638.02,1755.57,1528.35,113.61
0.33,0.75,41.10,0.14,1659.59,1773.51,1552.98,110.27
0.33,0.75,40.93,0.22,1532.92,1698.08,1383.82,157.13
0.33,0.75,41.06,0.17,1626.75,1755.30,1507.61,123.84
0.33,0.75,41.41,0.31,1915.05,2209.50,1659.84,274.83
0.33,0.75,41.24,0.16,1769.38,1906.86,1641.80,132.53
0.33,0.75,41.10,0.11,1661.96,1752.19,1576.37,87.91
0.33,0.75,40.84,0.21,1475.30,1624.96,1339.42,142.77
0.33,0.75,41.23,0.13,1762.46,1872.58,1658.82,106.88
0.33,0.75,41.17,0.21,1711.91,1889.58,1550.94,169.32
0.33,0.75,41.17,0.23,1713.09,1905.45,1540.15,182.65
0.33,0.75,41.16,0.24,1704.98,1903.75,1526.97,188.39
0.33,0.75,41.00,0.21,1581.98,1744.25,1434.80,154.73
0.33,0.75,41.01,0.14,1592.06,1695.83,1494.64,100.60
0.33,0.75,41.03,0.22,1607.02,1777.29,1453.05,162.12
0.33,0.75,41.23,0.29,1764.82,2012.78,1547.40,232.69
0.33,0.75,41.10,0.17,1660.50,1792.45,1538.27,127.09
0.33,0.75,41.01,0.14,1595.81,1705.22,1493.41,105.90
0.33,0.75,40.98,0.16,1568.19,1687.51,1457.31,115.10
0.33,0.75,41.33,0.20,1844.93,2024.49,1681.30,171.59
0.33,0.75,41.00,0.14,1586.72,1693.87,1486.35,103.76
0.33,0.75,41.04,0.18,1611.83,1748.01,1486.26,130.88
0.33,0.75,41.12,0.24,1675.25,1867.34,1502.92,182.21
0.33,0.75,41.03,0.17,1603.32,1735.37,1481.31,127.03
0.34,0.75,41.02,0.18,1602.65,1739.50,1476.57,131.47
0.34,0.75,41.04,0.18,1611.91,1754.64,1480.78,136.93
0.34,0.75,41.17,0.28,1712.22,1946.66,1506.02,220.32
0.34,0.75,41.01,0.24,1592.06,1775.86,1427.29,174.28
0.34,0.75,41.15,0.18,1696.45,1839.76,1564.30,137.73
0.34,0.75,41.15,0.23,1701.14,1894.58,1527.45,183.56
0.34,0.75,41.15,0.21,1694.34,1867.45,1537.28,165.09
0.34,0.75,41.11,0.20,1669.63,1831.06,1522.43,154.31
0.34,0.75,41.06,0.36,1625.92,1916.03,1379.74,268.14
0.34,0.75,41.17,0.19,1716.88,1875.96,1571.29,152.34
0.34,0.75,41.06,0.19,1628.32,1780.74,1488.95,145.89
0.34,0.75,41.06,0.26,1632.38,1835.86,1451.44,192.21
0.34,0.75,41.21,0.32,1747.59,2026.01,1507.43,259.29
0.34,0.74,41.31,0.15,1826.50,1959.36,1702.65,128.35
0.34,0.74,41.29,0.30,1812.51,2080.27,1579.21,250.53
0.34,0.74,41.23,0.17,1764.66,1909.83,1630.52,139.65
0.35,0.74,41.20,0.23,1740.44,1935.09,1565.37,184.86
0.35,0.74,41.33,0.14,1846.55,1966.51,1733.90,116.31
0.35,0.74,41.42,0.37,1919.82,2276.82,1618.79,329.02
0.35,0.74,41.12,0.24,1672.94,1872.12,1494.95,188.59
0.35,0.74,41.37,0.22,1881.14,2080.19,1701.13,189.53
0.35,0.74,41.25,0.16,1778.20,1912.94,1652.95,129.99
0.35,0.74,41.28,0.21,1804.68,1984.30,1641.32,171.49
0.35,0.74,41.14,0.16,1690.91,1818.49,1572.28,123.11
0.35,0.74,41.20,0.17,1740.44,1880.97,1610.42,135.27
0.35,0.74,41.01,0.23,1588.55,1763.05,1431.32,165.86
0.35,0.74,41.38,0.17,1884.17,2038.95,1741.14,148.90
0.35,0.74,41.15,0.21,1700.28,1869.33,1546.51,161.41
0.35,0.74,41.49,0.29,1983.63,2264.63,1737.49,263.57
0.35,0.74,41.19,0.15,1727.19,1848.17,1614.12,117.03
0.35,0.74,41.23,0.16,1765.39,1903.11,1637.63,132.74
0.35,0.74,41.25,0.16,1780.90,1918.30,1653.35,132.47
0.35,0.74,41.48,0.21,1976.79,2177.01,1794.98,191.02
0.35,0.74,41.33,0.14,1848.67,1970.85,1734.07,118.39
0.35,0.74,41.37,0.19,1875.60,2048.94,1716.92,166.01
0.36,0.74,41.46,0.22,1963.09,2175.45,1771.46,201.99
0.36,0.74,41.36,0.29,1868.44,2137.34,1633.38,251.98
0.36,0.74,41.35,0.22,1865.43,2059.83,1689.39,185.22
0.36,0.74,41.24,0.22,1771.98,1957.30,1604.21,176.55
0.36,0.74,41.15,0.29,1696.99,1938.56,1485.53,226.52
0.36,0.74,41.15,0.31,1700.75,1957.83,1477.42,240.20
0.36,0.74,41.44,0.17,1943.48,2102.82,1796.21,153.30
0.36,0.74,41.42,0.15,1924.24,2066.11,1792.12,137.00
0.36,0.74,41.19,0.19,1727.43,1886.39,1581.86,152.27
0.36,0.74,41.08,0.23,1643.69,1827.59,1478.30,174.64
0.36,0.73,41.43,0.20,1934.46,2118.68,1766.26,176.21
0.36,0.73,41.12,0.29,1671.78,1908.91,1464.12,222.39
0.36,0.73,41.25,0.21,1774.35,1954.52,1610.80,171.86
0.36,0.73,41.36,0.22,1874.13,2069.28,1697.38,185.95
0.36,0.73,41.46,0.29,1961.19,2243.02,1714.77,264.12
0.37,0.73,41.14,0.23,1687.33,1872.60,1520.39,176.10
0.37,0.73,41.23,0.16,1764.17,1895.27,1642.13,126.57
0.37,0.73,41.21,0.15,1744.86,1871.29,1626.96,122.17
0.37,0.73,41.26,0.17,1788.71,1930.43,1657.39,136.52
0.37,0.73,41.47,0.16,1967.80,2116.68,1829.38,143.65
0.37,0.73,41.55,0.34,2039.76,2381.58,1747.01,317.29
0.37,0.73,41.46,0.35,1961.55,2299.91,1672.98,313.47
0.37,0.73,41.45,0.24,1949.67,2181.88,1742.17,219.86
0.37,0.73,41.22,0.26,1752.67,1971.10,1558.44,206.33
0.37,0.73,41.38,0.19,1887.47,2058.90,1730.31,164.29
0.37,0.73,41.38,0.16,1884.43,2031.55,1747.96,141.80
0.37,0.73,41.38,0.16,1890.86,2035.47,1756.53,139.47
0.37,0.73,41.64,0.26,2127.65,2394.56,1890.49,252.04
0.37,0.73,41.27,0.28,1797.21,2046.83,1578.04,234.39
0.37,0.73,41.07,0.14,1636.67,1742.33,1537.41,102.46
0.37,0.73,41.41,0.39,1914.08,2291.21,1599.03,346.09
0.37,0.73,41.33,0.17,1848.42,1997.20,1710.72,143.24
0.37,0.73,41.38,0.12,1891.65,1996.03,1792.72,101.66
0.37,0.73,41.43,0.17,1930.99,2083.84,1789.35,147.24
0.37,0.73,41.31,0.13,1829.28,1944.86,1720.57,112.14
0.37,0.73,41.47,0.23,1969.88,2194.81,1768.00,213.40
0.38,0.73,41.42,0.15,1919.11,2060.83,1787.14,136.85
0.38,0.73,41.36,0.22,1870.51,2072.99,1687.81,192.59
0.38,0.73,41.43,0.18,1929.39,2098.46,1773.94,162.26
0.38,0.72,41.30,0.22,1816.27,2009.85,1641.33,184.26
0.38,0.72,41.42,0.16,1919.02,2069.37,1779.59,144.89
0.38,0.72,41.46,0.19,1960.11,2137.41,1797.51,169.95
0.38,0.72,41.45,0.20,1950.83,2140.46,1778.01,181.23
0.38,0.72,41.45,0.20,1954.25,2146.87,1778.91,183.98
0.38,0.72,41.68,0.22,2165.21,2394.95,1957.51,218.72
0.38,0.72,41.56,0.20,2052.58,2249.47,1872.93,188.27
0.38,0.72,41.37,0.27,1881.57,2125.96,1665.27,230.34
0.38,0.72,41.37,0.21,1877.41,2064.80,1707.04,178.88
0.38,0.72,41.52,0.20,2012.06,2208.05,1833.46,187.29
0.39,0.72,41.52,0.15,2015.30,2161.54,1878.96,141.29
0.39,0.72,41.38,0.27,1887.21,2137.87,1665.94,235.97
0.39,0.72,41.56,0.27,2048.05,2322.92,1805.70,258.61
0.39,0.72,41.63,0.28,2118.56,2414.45,1858.92,277.76
0.39,0.72,41.38,0.20,1890.60,2072.60,1724.58,174.01
0.39,0.72,41.54,0.19,2036.10,2224.51,1863.65,180.43
0.39,0.72,41.47,0.24,1971.70,2199.37,1767.59,215.89
0.40,0.72,41.47,0.20,1965.80,2159.08,1789.82,184.63
0.40,0.72,41.26,0.17,1785.67,1929.78,1652.32,138.73
0.40,0.71,41.71,0.29,2199.78,2511.56,1926.71,292.43
0.40,0.71,41.49,0.16,1987.74,2138.10,1847.96,145.07
0.40,0.71,41.48,0.20,1976.51,2166.73,1803.00,181.87
0.40,0.71,41.55,0.29,2039.67,2331.53,1784.35,273.59
0.40,0.71,41.62,0.21,2104.75,2322.55,1907.37,207.59
0.40,0.71,41.67,0.17,2162.42,2334.26,2003.23,165.52
0.40,0.71,41.34,0.20,1851.23,2031.73,1686.76,172.49
0.41,0.71,41.78,0.14,2270.60,2416.82,2133.22,141.80
0.41,0.71,41.69,0.17,2179.11,2355.28,2016.12,169.58
0.41,0.71,41.70,0.24,2187.96,2443.68,1959.00,242.34
0.41,0.71,41.74,0.36,2228.95,2635.30,1885.25,375.03
0.41,0.71,41.71,0.27,2193.92,2490.07,1932.99,278.54
0.41,0.71,41.68,0.17,2166.11,2344.87,2000.97,171.95
0.41,0.71,41.68,0.28,2171.30,2470.09,1908.65,280.72
0.41,0.71,41.66,0.32,2149.81,2488.96,1856.87,316.04
0.41,0.71,41.83,0.24,2326.48,2601.57,2080.49,260.54
0.41,0.71,41.81,0.15,2304.73,2468.55,2151.78,158.38
0.41,0.71,41.79,0.33,2279.61,2653.91,1958.10,347.90
0.42,0.71,41.73,0.15,2217.69,2375.43,2070.42,152.50
0.42,0.70,41.62,0.20,2106.10,2311.53,1918.93,196.30
0.42,0.70,41.69,0.19,2174.00,2375.64,1989.48,193.08
0.42,0.70,41.46,0.22,1959.21,2170.74,1768.28,201.23
0.42,0.70,41.87,0.22,2361.78,2619.17,2129.69,244.74
0.42,0.70,41.80,0.24,2288.86,2551.36,2053.38,248.99
0.42,0.70,41.44,0.29,1940.35,2222.10,1694.33,263.89
0.42,0.70,41.83,0.34,2327.34,2727.08,1986.20,370.44
0.42,0.70,41.62,0.18,2106.49,2284.79,1942.11,171.34
0.42,0.70,41.73,0.25,2216.15,2486.70,1975.04,255.83
0.42,0.70,41.53,0.27,2026.38,2295.54,1788.78,253.38
0.42,0.70,41.65,0.23,2136.29,2376.85,1920.08,228.39
0.42,0.70,41.68,0.28,2167.30,2460.42,1909.11,275.66
0.42,0.70,41.60,0.19,2084.97,2271.92,1913.41,179.26
0.42,0.70,41.84,0.40,2333.78,2806.88,1940.42,433.23
0.42,0.70,41.73,0.13,2214.52,2355.67,2081.83,136.92
0.42,0.70,41.75,0.20,2236.97,2448.08,2044.06,202.01
0.43,0.70,41.70,0.20,2191.69,2398.13,2003.03,197.55
0.43,0.70,41.75,0.18,2240.47,2429.01,2066.57,181.22
0.43,0.70,41.81,0.23,2304.62,2561.58,2073.44,244.07
0.43,0.70,41.83,0.20,2327.88,2550.50,2124.69,212.90
0.43,0.70,42.28,0.24,2851.94,3183.19,2555.16,314.01
0.43,0.70,41.88,0.40,2379.58,2865.55,1976.02,444.77
0.43,0.70,41.64,0.19,2132.36,2330.99,1950.65,190.17
0.43,0.70,41.83,0.25,2319.10,2602.98,2066.18,268.40
0.43,0.70,41.92,0.20,2423.15,2654.57,2211.90,221.33
0.43,0.70,41.84,0.17,2328.52,2513.26,2157.36,177.95
0.43,0.70,41.78,0.18,2272.79,2473.40,2088.46,192.47
0.44,0.70,41.58,0.13,2073.86,2205.51,1950.07,127.72
0.44,0.70,42.01,0.18,2517.79,2737.66,2315.58,211.04
0.44,0.70,41.63,0.17,2113.78,2281.85,1958.09,161.88
0.44,0.70,41.88,0.36,2379.03,2803.98,2018.48,392.75
0.44,0.69,41.47,0.21,1965.98,2166.80,1783.78,191.51
0.44,0.69,41.67,0.28,2155.96,2452.63,1895.17,278.73
0.44,0.69,41.83,0.20,2318.68,2545.64,2111.95,216.85
0.44,0.69,42.14,0.44,2679.29,3284.00,2185.93,549.03
0.44,0.69,41.64,0.16,2124.61,2287.26,1973.53,156.86
0.44,0.69,41.68,0.18,2170.00,2361.43,1994.09,183.67
0.44,0.69,41.85,0.17,2346.71,2541.20,2167.11,187.04
0.44,0.69,41.90,0.14,2403.15,2562.83,2253.41,154.71
0.44,0.69,41.79,0.18,2283.49,2483.38,2099.69,191.84
0.44,0.69,41.81,0.29,2298.16,2626.94,2010.53,308.20
0.45,0.69,41.86,0.22,2349.85,2605.14,2119.58,242.78
0.45,0.69,41.89,0.22,2382.65,2638.90,2151.28,243.81
0.45,0.69,41.99,0.22,2497.47,2758.22,2261.36,248.43
0.45,0.69,41.64,0.16,2132.65,2293.28,1983.27,155.00
0.45,0.69,41.93,0.21,2430.08,2681.06,2202.59,239.23
0.45,0.69,41.59,0.23,2078.93,2306.26,1874.01,216.13
0.45,0.69,41.99,0.15,2503.00,2687.84,2330.86,178.49
0.45,0.69,41.72,0.31,2204.14,2536.98,1914.97,311.00
0.45,0.69,42.00,0.32,2507.15,2905.33,2163.54,370.89
0.45,0.69,41.80,0.21,2285.91,2515.46,2077.32,219.07
0.45,0.69,41.89,0.14,2383.75,2547.31,2230.68,158.31
0.45,0.69,41.79,0.21,2277.51,2507.88,2068.30,219.79
0.45,0.69,41.88,0.28,2381.11,2714.00,2089.06,312.47
0.46,0.69,41.97,0.25,2475.03,2779.82,2203.65,288.09
0.46,0.68,42.00,0.19,2514.32,2745.42,2302.67,221.38
0.46,0.68,42.02,0.23,2530.70,2813.78,2276.09,268.84
0.46,0.68,41.98,0.14,2493.33,2657.47,2339.33,159.07
0.47,0.68,42.34,0.40,2940.90,3530.03,2450.09,539.97
0.47,0.68,42.05,0.14,2568.03,2733.91,2412.21,160.85
0.47,0.68,41.97,0.21,2481.19,2728.28,2256.48,235.90
0.47,0.68,41.76,0.23,2252.27,2508.57,2022.15,243.21
0.47,0.68,42.22,0.40,2773.45,3341.36,2302.06,519.65
0.47,0.68,42.01,0.18,2527.55,2746.80,2325.80,210.50
0.47,0.68,41.98,0.21,2488.63,2742.47,2258.28,242.10
0.47,0.68,42.04,0.26,2555.52,2876.48,2270.38,303.05
0.48,0.68,41.94,0.18,2441.18,2648.64,2249.97,199.33
0.48,0.68,42.23,0.23,2788.56,3097.67,2510.29,293.69
0.48,0.68,41.87,0.20,2365.37,2598.22,2153.39,222.42
0.48,0.68,42.01,0.20,2524.29,2766.54,2303.26,231.64
0.48,0.68,41.90,0.24,2393.98,2671.03,2145.66,262.69
0.48,0.68,42.00,0.16,2516.63,2709.52,2337.48,186.02
0.48,0.68,41.97,0.14,2482.90,2647.31,2328.71,159.30
0.48,0.67,42.31,0.21,2891.35,3186.23,2623.75,281.24
0.49,0.67,42.08,0.20,2611.20,2862.77,2381.74,240.52
0.49,0.67,42.28,0.34,2855.35,3332.27,2446.69,442.79
0.49,0.67,42.08,0.17,2608.68,2814.64,2417.79,198.43
0.50,0.67,42.15,0.12,2685.72,2839.51,2540.25,149.63
0.50,0.67,42.08,0.15,2608.19,2799.81,2429.69,185.06
0.50,0.67,42.13,0.23,2662.93,2954.82,2399.88,277.47
0.50,0.67,42.26,0.25,2827.48,3178.07,2515.57,331.25
0.50,0.67,42.12,0.28,2650.33,3019.44,2326.34,346.55
0.50,0.67,42.16,0.22,2705.20,2991.64,2446.19,272.73
0.50,0.67,42.07,0.31,2594.54,2996.64,2246.39,375.13
0.50,0.67,42.15,0.31,2689.55,3104.10,2330.36,386.87
0.50,0.67,42.14,0.23,2684.60,2982.75,2416.25,283.25
0.51,0.66,42.08,0.17,2604.95,2812.81,2412.46,200.18
0.51,0.66,42.10,0.15,2635.48,2826.19,2457.64,184.28
0.51,0.66,42.24,0.18,2800.01,3043.37,2576.11,233.63
0.51,0.66,42.24,0.29,2807.89,3207.34,2458.19,374.57
0.51,0.66,42.02,0.18,2534.31,2758.81,2328.08,215.37
0.51,0.66,42.09,0.14,2623.61,2804.02,2454.82,174.60
0.51,0.66,42.06,0.24,2580.24,2880.56,2311.23,284.67
0.51,0.66,42.39,0.23,3004.00,3335.46,2705.48,314.99
0.51,0.66,42.26,0.36,2827.09,3336.35,2395.57,470.39
0.51,0.66,42.23,0.20,2787.28,3050.79,2546.52,252.13
0.51,0.66,42.33,0.40,2918.64,3513.70,2424.35,544.68
0.52,0.66,42.09,0.19,2622.04,2862.39,2401.88,230.25
0.52,0.66,42.19,0.25,2747.77,3083.64,2448.48,317.58
0.52,0.66,42.18,0.21,2732.00,3008.79,2480.67,264.06
0.52,0.66,42.24,0.32,2810.35,3249.24,2430.74,409.25
0.52,0.66,42.29,0.20,2871.44,3143.34,2623.06,260.14
0.52,0.66,42.35,0.27,2950.67,3347.38,2600.97,373.21
0.52,0.66,42.18,0.37,2725.71,3230.93,2299.50,465.72
0.53,0.66,42.17,0.22,2716.69,3010.89,2451.24,279.82
0.53,0.65,42.09,0.19,2612.76,2850.14,2395.16,227.49
0.53,0.65,42.29,0.14,2872.50,3065.24,2691.88,186.68
0.53,0.65,41.88,0.23,2377.06,2647.90,2133.92,256.99
0.53,0.65,42.51,0.29,3178.19,3631.06,2781.80,424.63
0.53,0.65,42.53,0.38,3199.34,3812.82,2684.57,564.13
0.53,0.65,41.98,0.22,2491.27,2759.41,2249.18,255.11
0.53,0.65,42.25,0.29,2814.75,3223.37,2457.93,382.72
0.53,0.65,42.16,0.27,2710.07,3074.28,2389.00,342.64
0.53,0.65,42.14,0.23,2683.24,2976.59,2418.81,278.89
0.54,0.65,42.32,0.20,2911.39,3199.19,2649.47,274.86
0.54,0.65,42.21,0.21,2771.28,3051.98,2516.39,267.79
0.54,0.65,42.33,0.24,2929.27,3278.35,2617.37,330.49
0.54,0.65,42.28,0.23,2856.41,3180.60,2565.26,307.67
0.54,0.65,42.53,0.24,3206.27,3585.04,2867.52,358.76
0.55,0.65,42.56,0.19,3255.82,3555.83,2981.12,287.36
0.55,0.65,42.02,0.36,2539.22,3001.54,2148.11,426.72
0.55,0.65,42.17,0.38,2715.81,3233.04,2281.33,475.85
0.55,0.65,42.33,0.20,2917.83,3193.27,2666.15,263.56
0.55,0.65,42.37,0.21,2982.36,3282.85,2709.37,286.74
0.55,0.64,42.41,0.38,3034.45,3608.55,2551.69,528.43
0.55,0.64,42.19,0.24,2746.38,3073.20,2454.31,309.44
0.55,0.64,42.49,0.21,3147.75,3462.79,2861.37,300.71
0.55,0.64,42.08,0.18,2609.40,2831.53,2404.69,213.42
0.56,0.64,42.44,0.20,3074.54,3363.70,2810.23,276.74
0.56,0.64,42.73,0.38,3520.63,4200.30,2950.94,624.68
0.56,0.64,42.30,0.36,2880.71,3394.24,2444.88,474.68
0.56,0.64,42.29,0.23,2875.68,3193.79,2589.25,302.27
0.56,0.64,42.60,0.27,3313.75,3744.28,2932.73,405.78
0.56,0.64,42.43,0.23,3061.40,3410.85,2747.75,331.55
0.56,0.64,42.39,0.22,3009.95,3332.59,2718.55,307.02
0.56,0.64,42.49,0.21,3145.00,3460.49,2858.27,301.11
0.56,0.64,42.40,0.30,3015.64,3456.87,2630.73,413.07
0.56,0.64,42.49,0.19,3143.84,3435.66,2876.80,279.43
0.57,0.64,42.24,0.26,2806.34,3166.70,2486.98,339.86
0.58,0.63,42.19,0.45,2743.09,3379.20,2226.73,576.24
0.58,0.63,42.59,0.21,3298.37,3638.58,2989.98,324.30
0.58,0.63,42.49,0.20,3145.86,3452.71,2866.29,293.21
0.58,0.63,42.43,0.17,3056.75,3300.87,2830.68,235.09
0.58,0.63,42.65,0.29,3380.65,3865.36,2956.72,454.32
0.58,0.63,42.42,0.24,3044.25,3407.61,2719.63,343.99
0.58,0.63,42.45,0.24,3092.00,3455.22,2766.97,344.12
0.58,0.63,42.43,0.21,3058.02,3375.35,2770.52,302.41
0.58,0.63,42.53,0.23,3208.78,3570.07,2884.05,343.01
0.58,0.63,42.39,0.23,3009.26,3347.28,2705.38,320.95
0.58,0.63,42.57,0.26,3270.39,3690.62,2898.02,396.30
0.58,0.63,42.71,0.24,3477.12,3883.15,3113.55,384.80
0.58,0.63,42.54,0.17,3222.26,3481.50,2982.32,249.59
0.58,0.63,42.80,0.19,3626.44,3951.12,3328.43,311.34
0.58,0.63,42.48,0.20,3128.24,3427.66,2854.98,286.34
0.58,0.63,42.65,0.18,3386.73,3687.49,3110.50,288.50
0.58,0.63,42.42,0.20,3047.75,3340.83,2780.39,280.22
0.59,0.63,42.71,0.37,3478.56,4130.42,2929.58,600.42
0.59,0.63,42.62,0.20,3348.27,3676.44,3049.39,313.53
0.59,0.63,42.50,0.22,3165.34,3502.89,2860.31,321.29
0.59,0.63,42.52,0.25,3185.08,3570.84,2840.99,364.93
0.59,0.63,42.45,0.26,3091.43,3477.97,2747.86,365.05
0.60,0.62,42.61,0.28,3329.05,3785.19,2927.87,428.66
0.60,0.62,42.76,0.39,3558.28,4267.72,2966.77,650.47
0.60,0.62,42.75,0.20,3548.62,3891.17,3236.23,327.47
0.61,0.62,42.62,0.28,3335.49,3785.95,2938.63,423.66
0.61,0.62,42.59,0.23,3296.70,3662.33,2967.58,347.38
0.61,0.62,42.43,0.35,3059.43,3595.05,2603.60,495.73
0.61,0.62,42.62,0.23,3338.72,3713.04,3002.13,355.46
0.61,0.62,42.69,0.32,3447.62,3997.76,2973.20,512.28
0.61,0.62,42.67,0.18,3417.59,3720.21,3139.59,290.31
0.61,0.62,42.90,0.25,3810.48,4270.88,3399.72,435.58
0.61,0.62,42.70,0.16,3468.97,3741.86,3215.97,262.95
0.62,0.62,42.71,0.35,3480.97,4084.65,2966.51,559.07
0.62,0.62,42.72,0.39,3493.65,4178.60,2920.98,628.81
0.62,0.62,42.69,0.28,3459.08,3926.63,3047.19,439.72
0.62,0.62,42.76,0.15,3557.46,3820.43,3312.59,253.92
0.62,0.62,42.70,0.27,3465.45,3920.91,3062.90,429.01
0.62,0.62,42.59,0.28,3295.19,3741.15,2902.39,419.38
0.63,0.62,42.66,0.22,3400.48,3754.65,3079.71,337.47
0.63,0.61,42.59,0.24,3288.52,3679.66,2938.95,370.36
0.63,0.61,42.66,0.20,3409.10,3742.93,3105.05,318.94
0.63,0.61,42.31,0.33,2898.81,3369.85,2493.62,438.11
0.63,0.61,42.85,0.32,3714.15,4311.14,3199.84,555.65
0.63,0.61,42.60,0.15,3307.04,3539.66,3089.71,224.97
0.64,0.61,42.53,0.44,3205.97,3931.30,2614.47,658.41
0.64,0.61,42.86,0.31,3738.87,4314.24,3240.23,537.00
0.64,0.61,42.66,0.37,3403.14,4030.73,2873.27,578.73
0.64,0.61,42.78,0.26,3598.16,4058.91,3189.71,434.60
0.64,0.61,42.79,0.17,3614.10,3911.73,3339.11,286.31
0.64,0.61,42.85,0.26,3711.25,4177.42,3297.10,440.16
0.64,0.61,42.36,0.41,2966.06,3578.89,2458.17,560.36
0.64,0.61,42.80,0.31,3629.44,4186.09,3146.82,519.63
0.64,0.61,42.80,0.32,3636.47,4207.13,3143.22,531.95
0.65,0.61,42.82,0.29,3662.69,4182.99,3207.10,487.94
0.65,0.61,43.04,0.27,4054.53,4596.36,3576.57,509.90
0.65,0.61,42.73,0.31,3521.28,4062.90,3051.86,505.52
0.65,0.61,42.78,0.15,3598.32,3854.91,3358.81,248.05
0.66,0.60,42.98,0.28,3943.30,4485.54,3466.61,509.46
0.66,0.60,42.87,0.23,3749.38,4175.97,3366.37,404.80
0.67,0.60,43.07,0.27,4107.14,4661.21,3618.94,521.14
0.68,0.60,43.23,0.31,4415.91,5097.76,3825.26,636.25
0.68,0.59,42.84,0.24,3694.20,4124.71,3308.62,408.05
0.68,0.59,43.17,0.41,4308.44,5198.37,3570.86,813.75
0.69,0.59,43.02,0.37,4011.62,4748.48,3389.11,679.69
0.69,0.59,42.81,0.23,3653.76,4055.47,3291.84,381.82
0.69,0.59,42.85,0.16,3721.35,3999.94,3462.15,268.90
0.69,0.59,43.04,0.27,4063.31,4605.51,3584.94,510.29
0.69,0.59,42.91,0.43,3827.01,4656.20,3145.49,755.35
0.69,0.59,42.92,0.32,3830.36,4434.50,3308.53,562.99
0.70,0.59,42.97,0.21,3925.00,4329.00,3558.71,385.15
0.70,0.59,42.97,0.34,3921.21,4591.78,3348.56,621.61
0.70,0.59,42.94,0.34,3872.93,4526.19,3313.96,606.11
0.70,0.59,43.07,0.22,4109.79,4538.26,3721.78,408.24
0.70,0.59,43.11,0.16,4189.29,4501.11,3899.06,301.02
0.70,0.59,43.11,0.30,4197.01,4808.57,3663.23,572.67
0.70,0.59,42.92,0.22,3831.78,4246.58,3457.49,394.54
0.70,0.59,43.10,0.26,4162.56,4695.44,3690.15,502.65
0.70,0.59,42.90,0.46,3795.25,4696.59,3066.88,814.85
0.70,0.59,43.04,0.25,4061.25,4562.58,3615.01,473.79
0.72,0.58,42.99,0.25,3970.82,4446.99,3545.63,450.68
0.72,0.58,42.87,0.19,3756.47,4097.00,3444.24,326.38
0.72,0.58,43.16,0.20,4292.99,4717.04,3907.06,404.99
0.72,0.58,42.97,0.34,3926.45,4596.69,3353.94,621.38
0.72,0.58,43.16,0.24,4287.85,4795.93,3833.61,481.16
0.72,0.58,43.05,0.31,4066.12,4679.67,3533.01,573.33
0.73,0.58,43.08,0.25,4132.57,4633.32,3685.93,473.70
0.73,0.58,43.01,0.26,3995.77,4497.99,3549.62,474.18
0.73,0.58,43.01,0.28,3990.25,4546.73,3501.87,522.43
0.73,0.58,42.92,0.32,3834.60,4447.46,3306.19,570.64
0.73,0.58,43.18,0.20,4324.94,4734.40,3950.89,391.75
0.73,0.58,42.98,0.20,3952.76,4325.94,3611.77,357.09
0.73,0.58,43.22,0.39,4405.55,5268.15,3684.19,791.98
0.73,0.58,43.25,0.22,4474.45,4962.07,4034.75,463.66
0.74,0.58,43.18,0.26,4326.53,4870.37,3843.42,513.47
0.74,0.58,43.17,0.43,4300.31,5231.52,3534.86,848.33
0.74,0.58,42.99,0.21,3966.43,4379.03,3592.71,393.16
0.74,0.57,43.48,0.33,4968.90,5771.49,4277.91,746.79
0.74,0.57,43.08,0.33,4135.23,4807.68,3556.84,625.42
0.75,0.57,43.17,0.20,4300.31,4704.74,3930.65,387.05
0.75,0.57,42.98,0.25,3947.66,4439.03,3510.69,464.17
0.75,0.57,42.94,0.26,3871.86,4369.36,3431.01,469.17
0.75,0.57,43.18,0.16,4319.56,4656.77,4006.78,325.00
0.75,0.57,42.90,0.32,3804.00,4405.38,3284.71,560.33
0.76,0.57,43.25,0.23,4460.46,4966.04,4006.35,479.84
0.76,0.57,43.07,0.20,4105.25,4503.73,3742.03,380.85
0.76,0.57,43.18,0.24,4318.57,4815.77,3872.70,471.53
0.76,0.57,43.13,0.24,4228.63,4722.53,3786.39,468.07
0.77,0.57,43.24,0.23,4439.97,4925.69,4002.15,461.77
0.77,0.57,43.42,0.25,4835.93,5426.41,4309.71,558.35
0.77,0.57,43.36,0.27,4703.92,5327.33,4153.46,586.94
0.77,0.57,43.56,0.26,5149.20,5796.56,4574.15,611.20
0.77,0.57,43.29,0.31,4555.96,5259.14,3946.80,656.17
0.77,0.57,43.22,0.16,4399.06,4741.42,4081.42,330.00
0.77,0.56,43.36,0.30,4692.02,5374.97,4095.85,639.56
0.78,0.56,43.04,0.31,4054.15,4678.63,3513.03,582.80
0.79,0.56,43.30,0.23,4579.73,5096.24,4115.57,490.33
0.79,0.56,43.38,0.27,4750.51,5382.39,4192.80,594.79
0.79,0.56,43.20,0.17,4364.15,4709.90,4043.79,333.06
0.80,0.56,42.90,0.37,3806.45,4517.93,3207.01,655.46
0.80,0.56,43.43,0.29,4861.38,5551.22,4257.27,646.98
0.84,0.54,43.36,0.21,4698.94,5180.47,4262.17,459.15
0.84,0.54,43.20,0.39,4367.57,5227.87,3648.84,789.51
0.85,0.54,43.62,0.30,5288.83,6072.15,4606.57,732.79
0.94,0.52,43.53,0.24,5088.85,5683.39,4556.51,563.44
0.97,0.51,44.11,0.20,6640.79,7286.58,6052.24,617.17
1.01,0.50,44.12,0.37,6661.01,7887.82,5625.01,1131.41
1.02,0.50,44.28,0.23,7163.74,7949.15,6455.94,746.60
1.02,0.49,43.97,0.48,6224.72,7748.44,5000.64,1373.90
1.03,0.49,44.54,0.35,8077.56,9505.11,6864.41,1320.35
1.05,0.49,44.42,0.49,7666.20,9601.33,6121.08,1740.12
1.12,0.47,44.44,0.22,7728.59,8566.95,6972.27,797.34
1.23,0.45,44.32,0.61,7313.75,9688.11,5521.29,2083.41
1.24,0.45,44.91,0.27,9571.94,10857.93,8438.26,1209.83
1.30,0.43,44.86,0.28,9393.34,10662.97,8274.88,1194.04
1.30,0.43,44.72,0.32,8792.65,10172.40,7600.05,1286.17
1.31,0.43,45.02,0.45,10091.13,12387.18,8220.68,2083.25
1.31,0.43,44.79,0.32,9064.42,10486.00,7835.56,1325.22
1.33,0.43,44.87,0.24,9438.44,10533.41,8457.29,1038.06
1.34,0.43,44.75,0.31,8929.35,10282.51,7754.27,1264.12
1.35,0.43,44.55,0.32,8125.31,9408.75,7016.94,1195.90
1.36,0.42,44.81,0.24,9159.67,10222.01,8207.74,1007.14
1.39,0.42,44.79,0.37,9096.62,10808.09,7656.16,1575.97
1.42,0.41,44.46,0.74,7790.76,10932.90,5551.68,2690.61
1.54,0.39,45.09,0.37,10424.13,12366.39,8786.93,1789.73
1.55,0.39,45.29,0.23,11444.58,12745.42,10276.51,1234.45
1.62,0.38,45.16,0.33,10762.17,12545.99,9231.99,1657.00
1.70,0.37,45.29,0.38,11409.33,13594.27,9575.56,2009.36
1.80,0.36,45.49,0.28,12511.23,14246.11,10987.62,1629.24
1.91,0.34,45.42,0.36,12152.34,14334.69,10302.24,2016.23
2.26,0.31,46.18,0.28,17240.90,19625.55,15146.01,2239.77
1.00,,,,0.01,,,0.01
